order_id,order_number,portal,item_id,product_id,quantity,unit_price,total
06bd036d-f2d4-4640-a773-1e49a81948cd,"raw-2446-RFPYG",IN,0c274005-25ce-4564-92e2-ff0463f8de01,f5e3c47c-774d-4eb5-9147-972c1c1ed2ed,1,0,0
d69f7478-b3fc-4baf-82bd-8c6c2aa62302,"raw-270-BFCAMBP",IN,522c3fe0-4337-4aa8-af10-05e108835d68,9859f16b-6c85-4031-b9aa-d773993678c6,2,0,0
ac25384f-7b30-4549-97e7-41d83d3169b4,"raw-287-CRODA227-B",IN,51d081ec-15f8-42eb-b72f-f158b5c9874d,0d5b973a-6122-4133-a357-47cf167981d3,196,0,0
15dee7a0-eaa4-4fef-9d67-666ea99c04af,"raw-1233-18-A1VZ-RUUF",IN,54c13a7a-f4fc-4a69-8f6a-e4e286861c2f,30f73302-26b4-4708-9fcb-f0a748d51282,1,0,0
b9665a90-cb50-433b-9e22-667d0fa83294,"raw-333-FPPNBP-2in1",IN,d1d78843-a3e2-44d2-a80c-f7f3011b31be,a211ac53-b914-4b96-8d38-dd5a530c3bae,3,0,0
af1d2ad6-6c0b-4731-9568-90b5009514cf,"raw-986-BFFMBP",IN,bc9b03fd-af6b-4b27-8dc0-ef9a788738c0,469b3623-6cb5-4353-8fd4-d30334c78f41,1,0,0
d9db0872-2f50-4ba7-80a0-afe148438c7c,"raw-2203-WPHP2277",IN,761c61b0-375b-4233-a1fe-4d1793d199db,3f6dd9b6-d4a9-4e7e-93e0-8d260d162f5d,19,0,0
a4737969-2fd9-4d7f-b758-2c69837f6950,"raw-1102-WPPS2277",IN,8599fa3f-bba2-4eb2-b8af-7792025fd589,1c9efa73-a9fb-417d-8485-67bed09be41c,12,0,0
2579aee5-374f-4ada-a80d-233b81334a65,"raw-74-FPPNBPV",IN,671ed716-bacd-4991-a0a5-29d62dbcf487,eed97de4-bf56-4b12-81d0-10fa8f513f1c,2,0,0
87bf7a5b-b725-46b3-ae4d-6e5aef32b023,"raw-330-Feeding04",IN,4dd8318c-3a3b-4692-aea3-713926ca7b3e,29841497-27b9-4b3d-8577-4c6b5313b9ce,1,0,0
955dbb22-be0c-4540-afb2-dababdbc7129,"raw-234-PRBW227",IN,b1562ee7-856e-4bf6-b71a-beed35187d3e,b3d4c69e-4f5b-4b37-ab89-11a442e49e65,26,0,0
86562e3a-68c7-442b-9681-534a9de01442,"raw-2005-DUP-SKU22177",IN,410695c5-d6bc-405a-9a7b-b3c92fb889ac,38596cd7-d23b-4af6-80e0-d79116a6363a,1,0,0
a5df4d8d-cee8-4793-b519-5f246b35ee83,"raw-160-CRODSJH227-B",IN,5317f458-8e64-4aa0-b2e9-19e8b4b0567c,8185edf0-e628-48f0-8ea8-71087d436239,8,0,0
745564d0-2f37-4124-ae1b-40430759ece6,"raw-1004-DoubleWedge01",IN,075704d1-84cb-42e2-b1a7-dfc7679f61b6,eea23a38-0bbb-4f37-ab93-36e01c08e194,1,0,0
1ef1b4e6-5afe-4398-a66f-214a97fef750,"raw-340-MPRFP227-W",IN,0078dc3b-bf66-40c1-a345-438a7e6d83f4,3cafc191-68ab-4072-a2f7-50568d8313c8,5,0,0
bde141f6-d142-41e2-a9e3-639d4a9a22e0,"raw-118-RRFP221",IN,bf979305-27dd-48f6-8192-a843ff5bb8c7,e6912cdf-3638-4ee4-8cec-bccd96878b8b,1,0,0
83155e41-16f6-4dbc-ae2d-a8162dc23888,"raw-1376-BFFMBP",IN,ad455f5a-884e-4a7f-97bd-f23646fbf7e0,469b3623-6cb5-4353-8fd4-d30334c78f41,1,0,0
0206955e-7d73-4f77-b75a-1c322ca97dd5,"raw-1299-DUP-Wedge03",IN,9e30c418-9460-4c33-be9d-fcb432138e61,caf25774-b891-4386-8b6a-f0e02ef28031,10,0,0
7905a110-bcff-4ff5-9302-aad531928c29,"raw-2103-CRODS227",IN,e4869dfd-ab5b-40b7-ad79-0809f66516c8,6b7ca277-4001-47d4-b4d7-02ff23544b0a,15,0,0
5bfea7ed-2eab-4d7b-8a37-1a6043bd5785,"raw-1203-ppRFP221",IN,5f5bec91-2327-473f-a068-90adfde7070a,050e9cae-aafc-41da-b198-a6efbc87ecbc,2,0,0
55cd1681-2c63-42f0-adb8-18c2e18ef1f7,"raw-1210-RBRFP227",IN,062a7633-29a6-4e0e-8ccf-e8d7931e48ec,b08d55bc-74a9-420e-990e-0bd1a24ee9df,1,0,0
dc77cc7a-3817-44cc-854f-644e3fbc3553,"raw-2283-MH-2ARK-4WLV",IN,62c02cc9-10f8-439b-ba47-5a35f28f71bc,a3613c1c-e504-49aa-a6cf-0b23202499e9,3,0,0
6735001f-77e7-4ae1-9b40-03debea14d5f,"raw-980-BFC360",IN,510c2390-7411-403a-9b02-89e04dc92c5d,f46f0434-c7d1-454f-a68c-1e9c343e9072,1,0,0
010d54c6-0fbd-4257-900d-269ef14e9297,"raw-67-DUP-Wedge03",IN,ced0f197-9ac2-4f03-aad7-e483f3880a15,caf25774-b891-4386-8b6a-f0e02ef28031,21,0,0
f397c60b-80b4-42ae-a243-c27a3a5ab5df,"raw-231-ppRFP221",IN,7b100638-0dbd-4e57-876a-06fee2c13e4a,050e9cae-aafc-41da-b198-a6efbc87ecbc,2,0,0
86145998-3eb2-4de8-a656-96cbc8e9b75a,"raw-110-RFPH227",IN,c80ec847-38db-4df6-94e4-d2d5fe459f63,fe4c6ee6-513a-44a6-bf25-9445abc33403,2,0,0
1a757536-495c-44af-ad33-c9e6e2e964b2,"raw-2221-Blue_Star",IN,281a1cab-dbd1-46c4-80ea-954c2f89c4be,b9210235-3d79-447e-9bdd-0faab3091d55,3,0,0
4adcdfe4-2e20-4012-b181-c991a1097e77,"raw-1169-DUP-Wedge03",IN,002dfecb-96f9-4cef-811a-b4ab950dfd27,caf25774-b891-4386-8b6a-f0e02ef28031,11,0,0
465c5866-f7ab-450b-a69e-a88764901cd7,"raw-2014-Feeding04",IN,3289d14f-a54e-4a9b-beec-3e4f96b2573c,29841497-27b9-4b3d-8577-4c6b5313b9ce,2,0,0
1fadaa79-8cc2-4ec8-be3f-a6703675c6bb,"raw-131-18-A1VZ-RUUF",IN,57c1b702-a82d-4f82-aa74-286ce6a15479,30f73302-26b4-4708-9fcb-f0a748d51282,1,0,0
56490e04-ab76-45fd-a010-d2dc8b1da7fd,"raw-327-DUP-Wedge03",IN,e331ec91-cebc-424a-83e6-6ef1ba47021d,caf25774-b891-4386-8b6a-f0e02ef28031,10,0,0
fb96d753-d304-4a5a-be63-65cf624f7c9e,"raw-371-RFPNB227",IN,14aa517e-7b8d-4bfc-a1de-24c3810e5287,ddd26a89-5df8-4cec-a705-081e3b3a062d,3,0,0
492cb2d3-a727-47a9-9d51-d6768046d89b,"raw-277-Blue_Star",IN,46356d56-502e-43a5-9f8c-be9a7fecb4ff,b9210235-3d79-447e-9bdd-0faab3091d55,3,0,0
63a61068-60c6-472a-a361-67e55d89f5f5,"raw-999-CRODA227-B",IN,0e39e7be-d81d-40e2-a530-10a126a9d551,0d5b973a-6122-4133-a357-47cf167981d3,130,0,0
b2fda777-2f8b-4d40-9314-46cc54eef4db,"raw-2272-DUP-Wedgeo1",IN,3b04cdf8-702b-4387-894e-d8506a07a40d,ea36646e-a31e-4945-b475-56378531ed2f,1,0,0
3d754104-3eba-4b40-a2b1-93f944e54774,"raw-2054-RFPH227",IN,6ab68020-4077-4b28-bcf3-f232ebc5bbca,fe4c6ee6-513a-44a6-bf25-9445abc33403,2,0,0
df384d17-1895-4277-89aa-ca905e112207,"raw-2275-FFPNBP",IN,fa77742e-c464-4107-a291-8a071e1c9997,75ad4fa1-7fe2-43ca-be32-ccbc8df6389b,5,0,0
fcb2a3ad-5c49-44fc-bcd9-cde5a0b7188c,"raw-157-CRODA227-B",IN,8e242fb6-814e-4e80-8dac-3cc270cb3a2d,0d5b973a-6122-4133-a357-47cf167981d3,135,0,0
1b430602-2fd6-41ad-be1d-e7f4221e6543,"raw-389-WPHP2277",IN,c42d8b19-9cf8-477b-8fbf-cd5c0b443bd9,3f6dd9b6-d4a9-4e7e-93e0-8d260d162f5d,6,0,0
3b1e647f-e96a-42f7-b585-c2f001808310,"raw-244-RLRP222",IN,2bbbfbcf-ba6c-426f-ba83-653629b163ab,4a4e348a-0533-454e-867e-37c3152bd98e,1,0,0
7f715bc3-7c4e-4d9f-ad7f-b86d509d8fcc,"raw-1183-MPWedge227-W",IN,f974a8ae-f2ca-45d6-9e52-abec11bab11a,101b042d-0c90-408e-890a-829da75ba307,14,0,0
e2dea4cb-d8c1-4268-b636-ef5f5278fe68,"raw-1442-MPRFP227-W",IN,96137fad-d5f0-461d-af22-4efb11c5129d,3cafc191-68ab-4072-a2f7-50568d8313c8,2,0,0
02e2e729-cc7e-4301-8645-1668c9eb2095,"raw-2233-CRODS227",IN,8be9bee9-37ec-49e3-8ce2-13e4feab76c4,6b7ca277-4001-47d4-b4d7-02ff23544b0a,25,0,0
96e03697-9fea-4d9a-beb8-c610000282fc,"raw-1213-RFPNB227",IN,c2a8c9be-cf49-4201-96a2-297aa02e1c6e,ddd26a89-5df8-4cec-a705-081e3b3a062d,2,0,0
89de2cd3-72ab-4dd9-a92d-eaadfcaf228e,"raw-2142-DUP-Wedgeo1",IN,69b49060-fc00-4234-b526-894343993e11,ea36646e-a31e-4945-b475-56378531ed2f,1,0,0
5354f624-b1e8-4af2-a507-ae1cd8792ea1,"raw-989-Blue_Star",IN,8bdb2287-ba02-4dfe-a20b-23370b3e9492,b9210235-3d79-447e-9bdd-0faab3091d55,9,0,0
097c2f5e-919a-42d8-ba54-82829684d024,"raw-394-74-FB2A-AD9Q",IN,4f178c8d-5fba-4926-8e80-25f1d795e8d2,313ac926-3dac-4a1a-bf23-80d94f042cb6,69,0,0
45a7b344-c8b4-4574-b53b-4d49a2ae8211,"raw-209-MH-2ARK-4WLV",IN,a3d43c1e-27de-487c-94d0-716de53095a1,a3613c1c-e504-49aa-a6cf-0b23202499e9,8,0,0
fc3e7131-86d7-46f2-9b99-84fd86b304de,"raw-2153-MH-2ARK-4WLV",IN,b6991881-1fac-46b6-b7b5-99d388ff7d99,a3613c1c-e504-49aa-a6cf-0b23202499e9,8,0,0
06b58ae3-4fa1-46b3-a56e-e850818db628,"raw-1278-DUP-PBRFP227",IN,137f30dc-cc29-4cc8-bc46-1eba79182314,bba04012-794d-428d-8977-9034d003cb2c,1,0,0
639af48a-e23c-4a7a-8cb7-875a2eb660b1,"raw-979-ADSRFP227-G",IN,b67d40b0-22e2-4a7e-888f-4562c73a9f0d,38b7b185-d081-424e-9a1f-c32c1fa843c1,8,0,0
7a3fd336-f454-4108-922d-6d46a4425a96,"raw-2205-18-A1VZ-RUUF",IN,cdf74150-507f-4d0b-9e27-0ba07498f23f,30f73302-26b4-4708-9fcb-f0a748d51282,1,0,0
6e03144f-b50a-4c38-bcda-ca5f1420d213,"raw-2250-DUP-PBRFP227",IN,e2dacfb1-646c-40e0-b85a-fd9d549be752,bba04012-794d-428d-8977-9034d003cb2c,1,0,0
c68d6e77-ef2b-48e9-8ada-97139fb5cbbc,"raw-70-Feeding04",IN,a53cc97d-8f0f-4a10-9d74-2f8c1c0a2290,29841497-27b9-4b3d-8577-4c6b5313b9ce,2,0,0
9d490a3b-d9af-4400-9c4e-09fcc1ef5689,"raw-197-DUP-Wedge03",IN,ac270182-2314-4867-93ec-cc977a732197,caf25774-b891-4386-8b6a-f0e02ef28031,11,0,0
d718d3b1-a056-4a14-8599-73f5514c2da7,"raw-73-FPPNBP-2in1",IN,0c3ffc60-a863-42ef-ba54-1c3dde776f98,a211ac53-b914-4b96-8d38-dd5a530c3bae,1,0,0
94b04e35-9adf-4f07-ac91-49ba9588025b,"raw-2211-ADSRFP227-G",IN,14606568-f7e1-4337-b393-0378caa8a575,38b7b185-d081-424e-9a1f-c32c1fa843c1,3,0,0
043131d7-493e-4609-8660-d973620ccb8b,"raw-417-CRODA227-B",IN,a6d9620f-a9b2-48d4-94a8-ad8d690ce640,0d5b973a-6122-4133-a357-47cf167981d3,94,0,0
8967b78e-b386-4eeb-9101-4b6a65e37e00,"raw-129-WPHP2277",IN,756a6c4c-51f4-4a87-911a-22aa20052c76,3f6dd9b6-d4a9-4e7e-93e0-8d260d162f5d,3,0,0
e334b44d-8d51-4212-9e91-910f5f7d8586,"raw-1206-PRBW227",IN,3e525641-ce95-4ccd-98f8-c7b66a29b38e,b3d4c69e-4f5b-4b37-ab89-11a442e49e65,26,0,0
b7390a23-cd92-4f8c-8bc6-54379f9584da,"raw-71-FFPNBP",IN,7163562f-930b-4987-b9f1-ef697d0b72e4,75ad4fa1-7fe2-43ca-be32-ccbc8df6389b,3,0,0
aeaa3bf3-ae0c-47a2-8350-90681a26c192,"raw-2214-BFCAMBP",IN,79ded45b-7f16-407d-90ef-1cf431f979c8,9859f16b-6c85-4031-b9aa-d773993678c6,2,0,0
cc269b94-0675-4e0d-8121-52bc6f2cc361,"raw-1269-DUP-CBLRP227",IN,26bd86f9-106d-4335-b291-d208b9b3a1c9,af059ea9-88b7-48cc-92dc-080fca8fe2e2,1,0,0
753d6951-b1f8-4402-b7fe-b32495f41bf1,"raw-1976-DoubleWedge01",IN,bc322409-2580-4f0a-962d-2f64a7044beb,eea23a38-0bbb-4f37-ab93-36e01c08e194,1,0,0
22262671-c369-491b-99d1-76d184bf0168,"raw-2017-FPPNBP-2in1",IN,6b26fdb1-3a14-4c88-bed6-777324c4353a,a211ac53-b914-4b96-8d38-dd5a530c3bae,1,0,0
a55baa3a-535a-49ea-90f6-9b3bc95b1023,"raw-2204-WPPS2277",IN,6d07d768-a5cb-4c94-96c5-293d550ae194,1c9efa73-a9fb-417d-8485-67bed09be41c,1,0,0
350357f8-0422-4751-84e7-01819e6ef41a,"raw-2445-RFPNB227",IN,17419f80-e36e-4680-848d-4b1560a518d0,ddd26a89-5df8-4cec-a705-081e3b3a062d,1,0,0
3459fa8c-a185-486f-b406-8e8dd0f942f9,"raw-2037-PLRP222",IN,2277e8fa-ad6c-452c-858d-96cf193c929e,e9886af3-3008-4ca0-a855-f5e1d680c487,1,0,0
c4bdca6c-832c-4073-abfa-dd78b03aa758,"raw-2208-74-FB2A-AD9Q",IN,fd804a41-247e-4575-aec3-37aa1a818570,313ac926-3dac-4a1a-bf23-80d94f042cb6,27,0,0
c9522177-783b-4d88-b767-9e3ab93eb595,"raw-2442-RBRFP227",IN,7aedaa54-f0f5-462f-87e5-2b6f74fa5318,b08d55bc-74a9-420e-990e-0bd1a24ee9df,1,0,0
117e1683-5e36-473a-9ba7-727dbe623e6d,"raw-2464-WPPS2277",IN,8c78781f-feb7-4526-9cc8-53bedb9e3d51,1c9efa73-a9fb-417d-8485-67bed09be41c,5,0,0
aecc1012-b804-4a9d-a6a9-d068939ac422,"raw-2449-RLRP227",IN,ca2bd965-1ee2-4cda-8d56-422325de5076,7bb5cdcd-cce9-4701-a940-31869ef7eb27,1,0,0
e4eabe6d-944c-4f94-b74b-63fa0e81f7ca,"raw-2104-CRODSJH227-B",IN,ee859180-257e-4485-ae31-d2699fab58c6,8185edf0-e628-48f0-8ea8-71087d436239,8,0,0
a0512125-9a4c-45c2-b592-7147e751377a,"raw-1389-CRODA227-B",IN,eb3e2534-adb8-4645-807f-e3688fce40a8,0d5b973a-6122-4133-a357-47cf167981d3,94,0,0
3b0aff5b-db93-41bd-b52d-f77483aa7ab1,"raw-1379-Blue_Star",IN,f058ae67-0f95-4c77-b012-802106c66a23,b9210235-3d79-447e-9bdd-0faab3091d55,5,0,0
3f793f01-a514-48ff-95d9-e59d1b75a981,"raw-1429-DUP-Wedge03",IN,7175ab7b-3837-4b6e-b867-eebe1a2957d4,caf25774-b891-4386-8b6a-f0e02ef28031,8,0,0
624b2ee5-f4ff-4cf2-818b-2d6f3770459c,"raw-1433-FFPNBP",IN,eac10b2c-50f0-4148-afb6-8beefb264f7d,75ad4fa1-7fe2-43ca-be32-ccbc8df6389b,4,0,0
e912de78-b092-41d5-83f8-6586a677f71e,"raw-1443-MPWedge227-W",IN,fdcc3708-9ff7-4657-80d6-c50a949bf834,101b042d-0c90-408e-890a-829da75ba307,56,0,0
779f7d95-b599-4142-9967-e439f579ba28,"raw-1393-CRODSJH227-P",IN,00cea55e-4ccb-4bb6-8e53-38a02772ec21,d08041ec-7398-4a5a-83f5-8ba310f27b8c,1,0,0
b3848336-738c-4f10-a139-2da1b3c20e2c,"raw-1390-CRODA227-P",IN,1c591368-6beb-45b2-b803-2023e27fe18f,8149c426-6275-4093-8798-fb120f461dc2,69,0,0
85f96376-254e-413d-9c7c-0bee7561062f,"raw-1373-BFCAOF",IN,6e6d2428-a95a-40fd-88c5-059ed5f159c9,533fe2d6-9682-4061-9b2a-fdab91843de7,2,0,0
cec3d1bd-e496-4707-aabf-23381d989445,"raw-1441-MH-2ARK-4WLV",IN,7dea0c49-5fac-41df-90b7-5d8d021771ea,a3613c1c-e504-49aa-a6cf-0b23202499e9,6,0,0
351e7eda-173e-48c6-a69f-2d168b9a75e7,"raw-2345-BFCAOF",IN,7182b1ac-d7b8-47d5-8728-c2a01522ccb5,533fe2d6-9682-4061-9b2a-fdab91843de7,2,0,0
8660bc6a-854c-4767-9a3c-24e5e113a9dc,"raw-2362-CRODA227-P",IN,cd57622c-17aa-4104-be5b-1c8a10ed3734,8149c426-6275-4093-8798-fb120f461dc2,69,0,0
f632335e-516c-4af8-bf73-39feb64e5ce3,"raw-2401-DUP-Wedge03",IN,9a174b51-a887-4d57-8f38-e743afe8c611,caf25774-b891-4386-8b6a-f0e02ef28031,8,0,0
99a3017a-d390-487d-9e6e-838df69f8e05,"raw-2348-BFFMBP",IN,4498ebf2-56f5-433f-a97b-ddfe20fd6613,469b3623-6cb5-4353-8fd4-d30334c78f41,1,0,0
1b6ae9d7-1515-4c73-b68c-967444fb9191,"raw-2361-CRODA227-B",IN,0e54adc2-7e16-4523-87a9-5088c60ba147,0d5b973a-6122-4133-a357-47cf167981d3,94,0,0
e01fd09c-b6b9-4add-898f-4f13fdd8bc86,"raw-2365-CRODSJH227-P",IN,2d5b0a1d-0ff2-4828-bc47-582e00c36e3d,d08041ec-7398-4a5a-83f5-8ba310f27b8c,1,0,0
b95c5963-548c-4f8d-9e04-bd06e212a7c8,"raw-2363-CRODS227",IN,209ee15f-816b-40c7-8d7a-563cffd602f0,6b7ca277-4001-47d4-b4d7-02ff23544b0a,5,0,0
2d68fd93-1e9a-4310-afec-a76730fa4e4b,"raw-2284-MPRFP227-W",IN,a4892fcc-6fbf-4297-9800-6e6e84a479ff,3cafc191-68ab-4072-a2f7-50568d8313c8,5,0,0
7a1a79ec-ea72-4759-82f2-968d7e714c50,"raw-2341-ADSRFP227-G",IN,40d6cb73-b46b-41a7-be98-2b81e59594fc,38b7b185-d081-424e-9a1f-c32c1fa843c1,1,0,0
b5c148e7-34e5-4ef6-8431-03be8bdc2e1f,"raw-130-WPPS2277",IN,f9fb2d6e-f7b9-433f-909f-c8d24c590be5,1c9efa73-a9fb-417d-8485-67bed09be41c,12,0,0
6b0c927e-e021-48a1-b875-9c0053be6dc0,"raw-139-BFC360MBP",IN,1ee4278a-bfe1-4be0-b704-60bbc126df54,00ccf3f4-55ef-4e00-ad43-41e593159ca1,1,0,0
3ab5ce53-e0c8-4d3a-bc2d-54ce97fea85a,"raw-252-VFF227",IN,36ce4b33-c67c-4e6d-a90a-af727c2add92,9fadd42d-1727-4523-99b1-4de530c5edea,1,0,0
bae1265a-6326-4ec0-b610-82a698cc38bb,"raw-225-PMW227",IN,b35ca9ed-98d4-4b2c-80e2-206952a993a7,0c6dd1fe-2923-4a19-8979-ebda213a099d,71,0,0
06f30e33-298a-4f68-b5a7-cd9c62772db0,"raw-158-CRODA227-P",IN,ab736d69-bd9e-441e-9aef-274fe9a4345c,8149c426-6275-4093-8798-fb120f461dc2,108,0,0
11aeec92-3e4d-4d17-8cf1-8844a29f4d2b,"raw-198-DUP-Wedgeo1",IN,c90f9b09-6644-43ef-a98e-82547d979763,ea36646e-a31e-4945-b475-56378531ed2f,1,0,0
ad70109e-d25d-47eb-bb98-c77eff6c1b24,"raw-241-RFPNB227",IN,9dc2695d-c017-42ff-991e-8af0e1a88f4f,ddd26a89-5df8-4cec-a705-081e3b3a062d,2,0,0
10b3924d-5bf9-4db4-878b-6536be26c330,"raw-256-WNBF",IN,8b0b1503-4380-4438-bd74-3ef00ac9d35e,f92c7dbf-ee05-4bb6-b235-bc41b338c790,1,0,0
3020aaed-7709-47f3-96e5-93653fd36d44,"raw-140-BFCAMBP",IN,02046477-e9a8-44d2-826e-3018b05936d0,9859f16b-6c85-4031-b9aa-d773993678c6,1,0,0
1834729d-7b5f-4494-a7b5-3289ccbef609,"raw-203-FPPNBP-2in1",IN,25b9fabc-03d7-4ee6-a3c8-13eb48f21191,a211ac53-b914-4b96-8d38-dd5a530c3bae,3,0,0
b716385e-6aef-4fbe-916b-c48442092464,"raw-238-RBRFP227",IN,e6802b08-27ca-4bf2-9380-ad4b536ee4fd,b08d55bc-74a9-420e-990e-0bd1a24ee9df,1,0,0
19ff22e2-0530-4f0f-bfc5-4292f8a69410,"raw-201-FFPNBP",IN,119d94f0-2f74-4bd7-9056-807043778540,75ad4fa1-7fe2-43ca-be32-ccbc8df6389b,3,0,0
5a41802e-8fea-411c-9b3a-0d1f0479e14a,"raw-147-Blue_Star",IN,3d6ed80b-87ae-4098-b820-0b05ad8a0b61,b9210235-3d79-447e-9bdd-0faab3091d55,9,0,0
004fe7a9-9b4f-45b6-a763-79e3fe9b3fc0,"raw-211-MPWedge227-W",IN,1ce7c6a8-227c-42d0-a18f-8abf027b9ee7,101b042d-0c90-408e-890a-829da75ba307,14,0,0
a26f9462-3112-4229-b3cd-05c3cf9c7632,"raw-161-CRODSJH227-P",IN,9be96aa9-a21a-4e9b-83f2-e4285cf35c6d,d08041ec-7398-4a5a-83f5-8ba310f27b8c,1,0,0
000ead4a-e3f8-4bdd-b463-1362092dfc6f,"raw-210-MPRFP227-W",IN,a44019e0-eaa3-4b9c-8aca-e64bbeed35d5,3cafc191-68ab-4072-a2f7-50568d8313c8,2,0,0
dc46654a-2d20-4f30-90a9-0f108c6d1da9,"raw-262-53-F3V2-POJV",IN,5afa9aa7-2904-4a53-b409-e9781ad212d7,5e0f1f65-2dc9-4e89-9e31-ba6b2432401d,2,0,0
8d05b7a3-7798-4836-ba4c-553f43de7b8d,"raw-264-74-FB2A-AD9Q",IN,16067480-d517-4aa7-9fc7-41b88d41128a,313ac926-3dac-4a1a-bf23-80d94f042cb6,27,0,0
11739b09-cade-4daa-be8f-52af2e7408bd,"raw-259-WPHP2277",IN,69cd96f2-106d-48de-a951-d2cb3ddde1af,3f6dd9b6-d4a9-4e7e-93e0-8d260d162f5d,19,0,0
b21234e7-aa69-44fd-a374-cf9d3b7f5468,"raw-266-Aash_Star",IN,0ed9e755-e42d-4956-b24b-ed62064b9995,72e81234-836d-4913-bb40-876f09b5d7ba,26,0,0
b89dd80f-b258-4388-b2f0-59d7944bd664,"raw-260-WPPS2277",IN,d452f955-a339-4ec9-ab49-0f5bff885ca1,1c9efa73-a9fb-417d-8485-67bed09be41c,1,0,0
c77b3f2d-a29e-4903-a941-a6c0157cd522,"raw-261-18-A1VZ-RUUF",IN,c2392277-a59f-44f9-b33f-d29a298b5c19,30f73302-26b4-4708-9fcb-f0a748d51282,1,0,0
61025070-038e-4acb-bb29-4d56252b7171,"raw-269-BFC360MBP",IN,bee4bf01-e5f4-4fa0-8906-de5adfd6823c,00ccf3f4-55ef-4e00-ad43-41e593159ca1,1,0,0
dba2bd86-c7fb-415c-abc0-280750c250c0,"raw-289-CRODS227",IN,d73b97cf-7af3-487a-8465-a1a5dad1bc10,6b7ca277-4001-47d4-b4d7-02ff23544b0a,25,0,0
7e5b3ac8-bd51-4609-9241-3e4d69556411,"raw-274-BFFMBP",IN,ed4bb103-db74-4d7b-a129-fceb30be7dab,469b3623-6cb5-4353-8fd4-d30334c78f41,3,0,0
477c7bad-1cfa-4e42-a4cb-e791e79597bf,"raw-339-MH-2ARK-4WLV",IN,d4670529-a23c-4f02-bd3d-afeef68664a0,a3613c1c-e504-49aa-a6cf-0b23202499e9,3,0,0
ab64c0f2-024c-452e-8ed6-8529f45310f8,"raw-328-DUP-Wedgeo1",IN,9340aa01-3929-4fb2-bd87-38674dff6bf8,ea36646e-a31e-4945-b475-56378531ed2f,1,0,0
23198fcc-b387-4e56-a13f-fa88fe5b0bc3,"raw-267-ADSRFP227-G",IN,e9045966-915d-4efb-8798-3fe9736cac68,38b7b185-d081-424e-9a1f-c32c1fa843c1,3,0,0
dc35aea8-c003-444a-8ad8-28190f9a58c8,"raw-404-BFFMBP",IN,047a581d-894f-4e6f-80b3-69dab02cfe29,469b3623-6cb5-4353-8fd4-d30334c78f41,1,0,0
70fff958-4b6b-4289-bd56-40c6671fb3b7,"raw-457-DUP-Wedge03",IN,8aa9b0eb-f6c7-41a5-a69d-1f9332ffe2f6,caf25774-b891-4386-8b6a-f0e02ef28031,8,0,0
76eb3b00-49e4-4d95-add1-f649b54cc5f6,"raw-502-RFPYG",IN,cd96e59a-0990-49c2-ab69-5259c580190b,f5e3c47c-774d-4eb5-9147-972c1c1ed2ed,1,0,0
9e265023-83d6-4a84-a824-21bf02fac622,"raw-491-ppRFP221",IN,f67a5bad-e71f-449b-bae4-eeab5e8d3d12,050e9cae-aafc-41da-b198-a6efbc87ecbc,2,0,0
b5873e2f-dd8e-4140-b9cb-e2e769b2ba6a,"raw-419-CRODS227",IN,0132e41d-9eea-45a1-bb1f-7430ea406e08,6b7ca277-4001-47d4-b4d7-02ff23544b0a,5,0,0
55d92b46-0308-493c-896c-6905fa4d63b2,"raw-1042-Feeding04",IN,9b6ab03a-0096-4dd6-8bc9-d4864da369b2,29841497-27b9-4b3d-8577-4c6b5313b9ce,2,0,0
a9dc7092-5e4c-4e67-96cf-7526df7f4cce,"raw-469-MH-2ARK-4WLV",IN,30778ae4-2bc6-48a8-990a-3402fc1d1744,a3613c1c-e504-49aa-a6cf-0b23202499e9,6,0,0
a2f949fd-cf8e-4630-be5f-239c915c54df,"raw-485-PMW227",IN,2df33205-8fc1-48d1-bebe-27f017975cc5,0c6dd1fe-2923-4a19-8979-ebda213a099d,24,0,0
74a7f841-6405-4a09-a3cc-00422e7b2c1f,"raw-1033-DUP-SKU22177",IN,d6c4e0bf-9ec1-4d2e-9766-902aa8f08036,38596cd7-d23b-4af6-80e0-d79116a6363a,1,0,0
b878d5c2-9aa3-4345-9de4-a489b9b3cefa,"raw-501-RFPNB227",IN,a8cad8a4-499b-48e5-ab71-9d46e3d6aeaa,ddd26a89-5df8-4cec-a705-081e3b3a062d,1,0,0
e562da6a-9612-4b9b-93bc-69e5ab642792,"raw-1073-ppRFP221",IN,85615a15-d0de-4ff9-ab88-6e175dc40d9c,050e9cae-aafc-41da-b198-a6efbc87ecbc,3,0,0
65996b3e-16bf-4a90-94d1-c6df3def7e00,"raw-1053-MPWedge227-W",IN,77ec4425-ecf8-4b20-aa5b-b60638658652,101b042d-0c90-408e-890a-829da75ba307,31,0,0
995411e6-68fe-4439-bc35-46f2493def36,"raw-1064-PLRP221",IN,d8207c4e-dd7e-48ce-8e32-4a6fc6f55706,6deaf7f3-a67d-4891-af61-8a7b7af4ce08,5,0,0
dbe99ad3-afd7-4189-8971-1e8c87e1430c,"raw-1051-MH-2ARK-4WLV",IN,99c0518c-85ae-4bc7-9f9c-43704d9d1896,a3613c1c-e504-49aa-a6cf-0b23202499e9,2,0,0
b2e43486-e651-44ad-b017-cd2a0445077d,"raw-976-74-FB2A-AD9Q",IN,53508dd5-bfc1-49e5-b2d4-82be670e033c,313ac926-3dac-4a1a-bf23-80d94f042cb6,26,0,0
f6d22ea2-8375-4296-afc7-66c9e443bbd7,"raw-498-RBRFP227",IN,e3c5c488-68ea-4d05-a242-e5287c0e4c25,b08d55bc-74a9-420e-990e-0bd1a24ee9df,1,0,0
2497d586-6afc-42cf-aa2f-f0eca7f84a9c,"raw-520-WPPS2277",IN,f5013285-f84f-4a88-9a34-e5516915ea78,1c9efa73-a9fb-417d-8485-67bed09be41c,5,0,0
e6de6dcd-a4d1-41b2-9336-4ca71cc72cf4,"raw-1050-K9-42EM-XX55",IN,263f4d37-5b03-4511-bb4f-327cb3b4b552,d18c6b11-126d-4bad-88c5-a8f6bf16342b,3,0,0
b62943b5-bdd9-47c0-8adf-09fc78989ad7,"raw-1052-MPRFP227-W",IN,df67a2b8-6a86-4c07-bcd7-fbcd88c8dbc0,3cafc191-68ab-4072-a2f7-50568d8313c8,7,0,0
e1dc2ea5-09eb-4020-b1d1-2935f6de4655,"raw-1045-FPPNBP-2in1",IN,c705b3ed-eaf5-4c4f-b3a7-1fdb48ed70e7,a211ac53-b914-4b96-8d38-dd5a530c3bae,1,0,0
1ef555ba-4826-4488-a7a3-4edaad751579,"raw-1070-PPLRP221",IN,d74549cd-fc54-4e26-b942-a86f3db4dcb3,a1784731-a161-4d94-937d-40057c8de978,2,0,0
625af59b-eea8-4eb0-acb3-af15963b012e,"raw-1000-CRODA227-P",IN,f51ab73a-0a51-411c-8347-77856ddd58fe,8149c426-6275-4093-8798-fb120f461dc2,102,0,0
cc69cb4b-acc3-41be-a9f0-39d1f6792d21,"raw-1046-FPPNBPV",IN,01c33cba-4083-4696-8afc-0ca2ff802efa,eed97de4-bf56-4b12-81d0-10fa8f513f1c,2,0,0
ad2e1cd6-3a02-4bb7-a7e5-e1888e61db32,"raw-1082-RFPH227",IN,1dbb1b7e-f02c-4712-9433-c1eea6b076ee,fe4c6ee6-513a-44a6-bf25-9445abc33403,2,0,0
75f52c38-d3a9-4035-ab81-12d13908abaa,"raw-1083-RFPNB227",IN,835f3589-1479-4088-9472-45bdf50343a0,ddd26a89-5df8-4cec-a705-081e3b3a062d,1,0,0
2d8b92ee-e011-4c38-80c7-c1b86e0f0a66,"raw-1101-WPHP2277",IN,d01f4be4-ffe4-46d2-a41f-7426ce268304,3f6dd9b6-d4a9-4e7e-93e0-8d260d162f5d,3,0,0
cdfc5efb-0a66-4ca6-baa8-eb945a81921d,"raw-1090-RRFP221",IN,42d19630-c8ab-4aa9-9821-eea1f1848ed6,e6912cdf-3638-4ee4-8cec-bccd96878b8b,1,0,0
14003af0-f597-4d00-9f81-0a0d663396e8,"raw-1108-Aash_Star",IN,3cf3f7f1-2be1-46fc-a255-ca3b71675531,72e81234-836d-4913-bb40-876f09b5d7ba,34,0,0
28f31512-209f-4af4-9739-88c122cffd5f,"raw-1104-53-F3V2-POJV",IN,dcce0ab5-9159-4938-8575-e66eb9ef8d2d,5e0f1f65-2dc9-4e89-9e31-ba6b2432401d,2,0,0
83c71ce3-d8d8-47a0-a7e3-40f1d6e8c018,"raw-1106-74-FB2A-AD9Q",IN,e8c0fefc-5086-457b-8c7b-ec20a469f7d2,313ac926-3dac-4a1a-bf23-80d94f042cb6,39,0,0
ee2e93c5-d4e1-4fa0-b87b-a9788abbd0e5,"raw-1129-CRODA227-B",IN,b9468371-f9d0-4cfd-8a9c-39b7fe9bb3f8,0d5b973a-6122-4133-a357-47cf167981d3,135,0,0
988bde00-5ef6-4e05-b5a1-3f3027ef05d3,"raw-1112-BFCAMBP",IN,0720331e-7cea-4f61-974e-d9ee5c846def,9859f16b-6c85-4031-b9aa-d773993678c6,1,0,0
967a58e1-ed04-4994-8f7e-00943e602782,"raw-1133-CRODSJH227-P",IN,9a21ef69-3893-4617-80b4-1780f4771105,d08041ec-7398-4a5a-83f5-8ba310f27b8c,1,0,0
f2692639-e02a-430c-9eeb-7759ad932c90,"raw-1109-ADSRFP227-G",IN,747e8463-0a83-40dd-8a50-b17742426cfb,38b7b185-d081-424e-9a1f-c32c1fa843c1,2,0,0
91a7014d-c24a-4d16-83d5-6cd3bc7b6cd1,"raw-1132-CRODSJH227-B",IN,a42aca9c-9271-4090-8221-095c2060910a,8185edf0-e628-48f0-8ea8-71087d436239,8,0,0
906cb07e-f476-417e-aef4-b64a2d9e54a3,"raw-1111-BFC360MBP",IN,40d1d4ae-8975-4471-a6e5-3706a38e83ff,00ccf3f4-55ef-4e00-ad43-41e593159ca1,1,0,0
77f266a2-f3cf-4053-9768-8d815b679dd1,"raw-1173-FFPNBP",IN,f8fbaba2-ce40-4340-b0a1-d034d38179db,75ad4fa1-7fe2-43ca-be32-ccbc8df6389b,3,0,0
3806b63a-7c6e-4b41-968a-b0299249a5b2,"raw-1119-Blue_Star",IN,72fe33ce-71a7-4473-9ea9-b72f9861ed20,b9210235-3d79-447e-9bdd-0faab3091d55,9,0,0
2c7aeafd-e604-4084-ba96-af940b7ea9a6,"raw-1148-DUP-PBRFP227",IN,6dc19ea9-7ea2-4a92-b648-8645055372fa,bba04012-794d-428d-8977-9034d003cb2c,1,0,0
80ee2cc6-c4d3-45d0-ad04-3cf07b864cbf,"raw-1116-BFFMBP",IN,639b37df-162a-496f-ab3f-30cc1a926018,469b3623-6cb5-4353-8fd4-d30334c78f41,4,0,0
c1d02ce5-79fc-45ed-b183-383c689f1bad,"raw-1130-CRODA227-P",IN,a2a92c6f-127c-4527-8d98-14e4c7aecaaa,8149c426-6275-4093-8798-fb120f461dc2,108,0,0
cd8be99b-5455-4231-bfd1-bfd08735a090,"raw-1131-CRODS227",IN,6c60ad36-0b99-49f1-ae56-94895519c704,6b7ca277-4001-47d4-b4d7-02ff23544b0a,15,0,0
7e916a67-e596-47ec-8b83-5d93f749e23a,"raw-1239-ADSRFP227-G",IN,200b6083-639c-485c-a45d-6fadb221f71e,38b7b185-d081-424e-9a1f-c32c1fa843c1,3,0,0
d8c7e8e7-6613-41e8-90c1-5c5a49993b18,"raw-1170-DUP-Wedgeo1",IN,861477fd-d1a2-46bd-b66e-d74dc3ff9dc3,ea36646e-a31e-4945-b475-56378531ed2f,1,0,0
b4d3a01d-f435-4897-886c-117da547d9e1,"raw-1181-MH-2ARK-4WLV",IN,a5e29514-b421-4be8-b6db-329d8cff7efd,a3613c1c-e504-49aa-a6cf-0b23202499e9,8,0,0
8bbf1991-8efc-4a7c-a8cf-c77578744190,"raw-1194-PLRP221",IN,01b91565-bb98-4c1e-8ac2-3b0e090693be,6deaf7f3-a67d-4891-af61-8a7b7af4ce08,2,0,0
c2dd941c-8801-43b9-af65-479e22601d50,"raw-1238-Aash_Star",IN,017d6f5c-12bb-415a-a176-c8f52499c8df,72e81234-836d-4913-bb40-876f09b5d7ba,26,0,0
b1e8ae95-3a55-4a46-8cdb-b0082c4acd63,"raw-1234-53-F3V2-POJV",IN,5a6fc2fc-cacd-4811-b6f4-1a5affc7864f,5e0f1f65-2dc9-4e89-9e31-ba6b2432401d,2,0,0
a542a5d9-eb11-4819-8847-e1befa86f627,"raw-1236-74-FB2A-AD9Q",IN,8aef0ebc-1379-423b-b894-bde730c3dcae,313ac926-3dac-4a1a-bf23-80d94f042cb6,27,0,0
fadf7771-4c38-46e5-bda3-2e1dc7c3d990,"raw-1182-MPRFP227-W",IN,54e59e83-68b8-4ac1-adc2-dd1e78ab2103,3cafc191-68ab-4072-a2f7-50568d8313c8,2,0,0
1a60b758-50d5-4f1d-95bc-f7e78eca065b,"raw-1232-WPPS2277",IN,68950ddc-1eaa-4d7d-85fa-1da7efca6fe8,1c9efa73-a9fb-417d-8485-67bed09be41c,1,0,0
e2f5c552-9107-4803-9a4d-1e78d6d5f150,"raw-1175-FPPNBP-2in1",IN,9594b45e-c8c9-4f80-895b-6eb3c195de23,a211ac53-b914-4b96-8d38-dd5a530c3bae,3,0,0
fb7d0760-89d8-4cc2-8b8f-6ec1ec4b7495,"raw-1228-WNBF",IN,ef2ed199-9d7a-4332-af75-4b22d5810073,f92c7dbf-ee05-4bb6-b235-bc41b338c790,1,0,0
f6b34190-9651-4ca8-a881-a502422ff23e,"raw-1197-PMW227",IN,22e7bd2d-bccd-4498-8396-e2bd0df2ddbc,0c6dd1fe-2923-4a19-8979-ebda213a099d,71,0,0
136c2291-160b-4233-b590-d31051e91036,"raw-1103-18-A1VZ-RUUF",IN,aa1b245d-91f6-45ef-8b79-7622a77acdc3,30f73302-26b4-4708-9fcb-f0a748d51282,1,0,0
4bc44c3c-91eb-44e2-800b-3f58ed0a395f,"raw-1454-PLRP221",IN,e3914c89-7949-4d6b-9523-b4816ee19244,6deaf7f3-a67d-4891-af61-8a7b7af4ce08,1,0,0
3b2040dd-818f-4d6f-85b4-dfb9e31f4eb3,"raw-1463-ppRFP221",IN,99993f9c-caa9-49a5-9b7d-44dae2873f80,050e9cae-aafc-41da-b198-a6efbc87ecbc,2,0,0
7d28aca4-7ef4-4910-b848-60fb47af0346,"raw-1473-RFPNB227",IN,b605f3ad-9a6c-499c-94c7-b24b9b7d7fb6,ddd26a89-5df8-4cec-a705-081e3b3a062d,1,0,0
41b94865-0006-4fa9-bfcd-e6358d0287d0,"raw-1973-CRODS227",IN,08a8ac68-087b-429c-a4b0-de85d62f2839,6b7ca277-4001-47d4-b4d7-02ff23544b0a,15,0,0
c4a7b775-3be4-45dd-a704-2b94fbf72940,"raw-1459-PPELU2277",IN,6e02945a-0bb4-46ff-a2dd-b65bde467a35,d93f284a-b171-4d8c-bc0a-635130688b1d,1,0,0
40a24023-f617-4b77-b9d6-aed63ff6e8cd,"raw-1952-BFC360",IN,3450618f-bb05-4c25-ad0f-90ff5c499978,f46f0434-c7d1-454f-a68c-1e9c343e9072,1,0,0
56fdbaad-ccb5-4871-832f-240455ae1a27,"raw-1972-CRODA227-P",IN,c463c796-6f51-4823-b3b7-777bea488b43,8149c426-6275-4093-8798-fb120f461dc2,102,0,0
5cff608a-72b5-47e1-8f20-bb0fc80deb47,"raw-1951-ADSRFP227-G",IN,9cebbfd7-a81c-4dca-90f5-3c9a5e87408f,38b7b185-d081-424e-9a1f-c32c1fa843c1,8,0,0
70ae29f2-a062-453d-868a-d81d3b035cf1,"raw-1492-WPPS2277",IN,171cf94e-52bb-4ca2-8083-70ddc30de224,1c9efa73-a9fb-417d-8485-67bed09be41c,5,0,0
769a0e86-6bf2-4a1f-8e3f-e1d344ec809c,"raw-1948-74-FB2A-AD9Q",IN,1d786433-9a17-4d1d-a3c1-1ab891008781,313ac926-3dac-4a1a-bf23-80d94f042cb6,26,0,0
921f00f0-9aa0-4407-9639-aa15e5b42a9e,"raw-1950-Aash_Star",IN,748b4afe-d13a-4036-958d-ee019b861a81,72e81234-836d-4913-bb40-876f09b5d7ba,30,0,0
d5430844-3524-40de-b1b6-d39fe8718bd9,"raw-1971-CRODA227-B",IN,dc9f4327-f858-4ff3-8b61-4a3be0500266,0d5b973a-6122-4133-a357-47cf167981d3,130,0,0
f6e4aeb3-2169-4b7e-87d7-333786b62794,"raw-2036-PLRP221",IN,5ed8abda-1019-48b7-b4e3-2b84f60adf48,6deaf7f3-a67d-4891-af61-8a7b7af4ce08,5,0,0
0f22785c-11cd-472a-a787-e8e6988096b3,"raw-2042-PPLRP221",IN,3d5a2075-d07c-4221-ab74-6ceeee0f4215,a1784731-a161-4d94-937d-40057c8de978,2,0,0
d39c6af7-8448-44f6-83fd-8ac2b14c29ea,"raw-2058-RLRP222",IN,99c29778-0c5e-4d88-91c4-55ca2e52406d,4a4e348a-0533-454e-867e-37c3152bd98e,3,0,0
7d797a5d-7f4b-446b-8fc9-be0b42a49adf,"raw-2039-PMW227",IN,80cbba9a-9be7-4add-b532-1c015a7002e8,0c6dd1fe-2923-4a19-8979-ebda213a099d,56,0,0
8b4cfcaa-e372-4014-807b-1347f07e9ed3,"raw-2075-18-A1VZ-RUUF",IN,c5721738-900f-4d6e-b3b6-97ce6b8379fc,30f73302-26b4-4708-9fcb-f0a748d51282,1,0,0
f4bb4406-89b7-4901-ae61-2b00ab005902,"raw-2048-PRBW227",IN,7fefdcb5-c1cf-45eb-83f4-1398792da1ef,b3d4c69e-4f5b-4b37-ab89-11a442e49e65,12,0,0
b7cdb93c-f111-45f9-ae43-d5ebb09d1051,"raw-2083-BFC360MBP",IN,a440e3c5-0e78-466e-b12f-1f09f44df5ed,00ccf3f4-55ef-4e00-ad43-41e593159ca1,1,0,0
4ea9ac3f-d4e3-4635-8ee9-24682b4207e4,"raw-2081-ADSRFP227-G",IN,ff050bca-3aa1-4995-bfc6-dd1b60dfe0aa,38b7b185-d081-424e-9a1f-c32c1fa843c1,2,0,0
d598277c-f436-44b5-b91f-148065996182,"raw-2055-RFPNB227",IN,169a4634-0ba9-4854-8424-e6457418cad2,ddd26a89-5df8-4cec-a705-081e3b3a062d,1,0,0
019b9285-665a-473e-b34a-88f261db94e8,"raw-2080-Aash_Star",IN,86373eda-054d-4c34-ab62-831d0e6cad97,72e81234-836d-4913-bb40-876f09b5d7ba,34,0,0
35b6d073-10ad-4b7f-9176-2013462eda64,"raw-2120-DUP-PBRFP227",IN,8eed1ad6-666c-400b-b464-39a4924a85ee,bba04012-794d-428d-8977-9034d003cb2c,1,0,0
7add9c51-cd3b-45b8-890d-793561171a99,"raw-2101-CRODA227-B",IN,52688a50-9d0d-4f50-a630-bf5056ca6bbf,0d5b973a-6122-4133-a357-47cf167981d3,135,0,0
cd999089-e1f1-44c0-a1fa-e6ab291f1577,"raw-2076-53-F3V2-POJV",IN,c830cab6-70fa-4700-a747-69fd07c43449,5e0f1f65-2dc9-4e89-9e31-ba6b2432401d,2,0,0
a5bfba8a-43f9-4dd4-8e43-3fca02dd7fa5,"raw-2062-RRFP221",IN,c1bfa886-948c-428c-99b0-beeaa5f87420,e6912cdf-3638-4ee4-8cec-bccd96878b8b,1,0,0
56e34d32-16c9-4065-86a7-1a6da631e073,"raw-2078-74-FB2A-AD9Q",IN,b2e8bf9f-841a-4563-ba46-31b5fbce9364,313ac926-3dac-4a1a-bf23-80d94f042cb6,39,0,0
4371b6fb-1d3a-40e4-beae-b5dfd45b7fb1,"raw-2147-FPPNBP-2in1",IN,86e83b52-6a4e-462d-b581-37233ac89125,a211ac53-b914-4b96-8d38-dd5a530c3bae,3,0,0
12c469e2-1e10-428f-bd26-c67393d88f93,"raw-2145-FFPNBP",IN,4183195d-c577-4c34-a120-dbe70e9698bd,75ad4fa1-7fe2-43ca-be32-ccbc8df6389b,3,0,0
916cdde6-a9db-4fd1-a568-45e0d5c123fe,"raw-2155-MPWedge227-W",IN,2dee0a06-7668-4c75-95e3-4269064061df,101b042d-0c90-408e-890a-829da75ba307,14,0,0
fc1a762c-0d82-4e43-8273-7dd6316d59cc,"raw-2175-ppRFP221",IN,ebe47710-7f6a-435c-83bf-e47956ecf8d2,050e9cae-aafc-41da-b198-a6efbc87ecbc,2,0,0
6267e125-c70d-4922-aaa0-ef9a7489be04,"raw-2084-BFCAMBP",IN,ffd6b1dc-a1b4-4bf5-8396-373000b5d0ea,9859f16b-6c85-4031-b9aa-d773993678c6,1,0,0
9ae965c6-22f2-41b1-8ee5-c2036c18a491,"raw-2091-Blue_Star",IN,85adf20f-b2f9-4cfa-add4-190d983048c4,b9210235-3d79-447e-9bdd-0faab3091d55,9,0,0
c4f57fa8-2a37-4446-a1b0-a95362b3b19c,"raw-2178-PRBW227",IN,0bce0c35-16bd-479e-bf14-4a9cb9921992,b3d4c69e-4f5b-4b37-ab89-11a442e49e65,26,0,0
4ce431b2-0735-4bd8-8745-b533be0f9b21,"raw-2154-MPRFP227-W",IN,338fe4a9-5b6b-4dc8-aa00-c0c3074db222,3cafc191-68ab-4072-a2f7-50568d8313c8,2,0,0
e31beb8e-d912-4a51-9e7a-84fc307ee32a,"raw-2166-PLRP221",IN,6fa5c98e-1cd3-455c-8ba4-966c7db82cd4,6deaf7f3-a67d-4891-af61-8a7b7af4ce08,2,0,0
b7c8134e-bb7c-47da-94fa-9f5362509732,"raw-2182-RBRFP227",IN,fcf785d9-372f-468c-b2f0-807e8bb1e78b,b08d55bc-74a9-420e-990e-0bd1a24ee9df,1,0,0
1d37c024-a8ba-47b4-b04f-dce225eee99e,"raw-2022-K9-42EM-XX55",IN,31aef40b-f0d3-4a0d-8566-bf57c3339e5e,d18c6b11-126d-4bad-88c5-a8f6bf16342b,3,0,0
2d1156d6-ee06-496c-a61c-504363b9aba7,"raw-2185-RFPNB227",IN,080a66b6-501d-40be-a586-29be497988db,ddd26a89-5df8-4cec-a705-081e3b3a062d,2,0,0
1c52cfab-c2ae-4598-b4c0-65a5cc0fc4ee,"raw-2314-RFPH227",IN,859933ef-70ec-46de-bda8-9f0bea18ac5d,fe4c6ee6-513a-44a6-bf25-9445abc33403,2,0,0
57f813af-0c7a-4019-932d-a6aee1d2ee2d,"raw-2308-PRBW227",IN,36a06aa2-cf21-4fe9-bd6b-db5dbd46db42,b3d4c69e-4f5b-4b37-ab89-11a442e49e65,19,0,0
aa181425-fe33-49a8-afaf-f20cede8a7b4,"raw-2277-FPPNBP-2in1",IN,afe6fcde-ffbb-485c-9688-77608de404a6,a211ac53-b914-4b96-8d38-dd5a530c3bae,3,0,0
a7dad0c2-0ffd-4408-936b-05b012ed5492,"raw-2299-PMW227",IN,c0d59dad-8db9-45fb-b181-a4f94a7f069a,0c6dd1fe-2923-4a19-8979-ebda213a099d,83,0,0
a600500a-93cc-469c-9721-4fd24c4ed588,"raw-2196-VFF227",IN,174fb1a7-12d0-4488-bccb-50f8665f00cb,9fadd42d-1727-4523-99b1-4de530c5edea,1,0,0
309709fb-a131-46e4-a6e2-ea4109b10fee,"raw-2333-WPHP2277",IN,c7d6385c-14f2-4b24-80cd-a3978acdc05e,3f6dd9b6-d4a9-4e7e-93e0-8d260d162f5d,6,0,0
56818205-aa50-4fca-a1c8-3da0713c401d,"raw-2285-MPWedge227-W",IN,feadc869-c3c8-43dc-b312-265fbf9bb443,101b042d-0c90-408e-890a-829da75ba307,34,0,0
5c433e8a-ab75-4faa-8ebc-91b54e4cd48c,"raw-2334-WPPS2277",IN,c38c2499-4d7d-4092-8e3b-d859cbfafb43,1c9efa73-a9fb-417d-8485-67bed09be41c,5,0,0
677ef52c-d10c-43eb-8c02-8d07a458b662,"raw-2305-ppRFP221",IN,4ac137c4-51ff-4498-b2dd-3bc740916a91,050e9cae-aafc-41da-b198-a6efbc87ecbc,1,0,0
54fcbafd-3bcf-4f91-9764-473f4421dd64,"raw-2340-Aash_Star",IN,86de334a-d93c-497b-a83d-be586dc34c2a,72e81234-836d-4913-bb40-876f09b5d7ba,28,0,0
1ea4c89c-491d-43fe-8e42-195d2af590e9,"raw-2315-RFPNB227",IN,5b3c3c24-1fe0-4cbc-9dd9-c2beea0ab513,ddd26a89-5df8-4cec-a705-081e3b3a062d,3,0,0
15a8aa38-2fe4-4ac2-af1c-7f9e2cd65dc5,"raw-2188-RLRP222",IN,e7a20af5-2c2d-4b6d-a2ab-c5e8fb879b51,4a4e348a-0533-454e-867e-37c3152bd98e,1,0,0
25ec7530-76cb-4c11-90d5-f6d1238a4e5f,"raw-2241-DUP-CBLRP227",IN,b6779b16-2a39-449b-be96-dadcf76abeb0,af059ea9-88b7-48cc-92dc-080fca8fe2e2,1,0,0
8bbd9677-37de-46ee-baff-5ad138aea93c,"raw-2197-Wedge05",IN,8c7864c1-8def-45d8-967f-851eb957abd5,635c7d80-5b99-4954-b28c-c0a016415658,1,0,0
47a8c004-b6f9-4e0c-87ce-b252625bb255,"raw-2338-74-FB2A-AD9Q",IN,634da894-25e2-47c4-8a5f-718a0fed2d67,313ac926-3dac-4a1a-bf23-80d94f042cb6,69,0,0
38ff11a3-8d2d-45cf-8158-1baa70944442,"raw-2339-A1-7PQ3-FGI3",IN,819bafc8-71f2-421a-9d25-920714aa09b2,9dcb5905-4205-4905-afca-ad693b7dc219,1,0,0
b2b6972e-9754-4ea5-9fdb-5196e2300893,"raw-2336-53-F3V2-POJV",IN,d116e882-32f7-42c1-ae11-64d79bbcbd62,5e0f1f65-2dc9-4e89-9e31-ba6b2432401d,2,0,0
702366a2-653c-4f3b-8974-b1892b4aa01c,"raw-2351-Blue_Star",IN,ccaf6699-a365-4725-b197-8d815d4ec42b,b9210235-3d79-447e-9bdd-0faab3091d55,5,0,0
244510e3-0e43-442a-b443-e615aa25b0ec,"raw-2413-MH-2ARK-4WLV",IN,89ad7ff5-f2b2-4bce-8091-479729f5d3ea,a3613c1c-e504-49aa-a6cf-0b23202499e9,6,0,0
04ede1bc-ed7e-4ce7-8480-a174f4129f66,"raw-2426-PLRP221",IN,aa68f65b-fdbb-4194-bfc4-ec32fc962319,6deaf7f3-a67d-4891-af61-8a7b7af4ce08,1,0,0
27f00619-d6d8-40a8-828c-830d0b2856be,"raw-2414-MPRFP227-W",IN,98dba5b1-cbe8-4f97-a459-3f6fe91a7fb4,3cafc191-68ab-4072-a2f7-50568d8313c8,2,0,0
760dded9-f6a2-486c-9c38-a17a29557b99,"raw-2431-PPELU2277",IN,84272a09-1409-4275-a3f0-d37296254914,d93f284a-b171-4d8c-bc0a-635130688b1d,1,0,0
4452c580-2a54-472f-a153-fd526739ea63,"raw-2405-FFPNBP",IN,546efb69-7dec-4784-a600-6a08febb557d,75ad4fa1-7fe2-43ca-be32-ccbc8df6389b,4,0,0
441bacf1-3097-4da2-a4bb-2e9c2dd5f0b3,"raw-2429-PMW227",IN,6ced9402-020e-4049-be22-1c89dccd5ce4,0c6dd1fe-2923-4a19-8979-ebda213a099d,24,0,0
94274030-0bf5-4dda-8616-bae32e289193,"raw-2415-MPWedge227-W",IN,d14f6384-1208-4a5b-a656-1d4856f54ab5,101b042d-0c90-408e-890a-829da75ba307,56,0,0
09ddf6e3-66ca-43c9-a434-8a23ec4266f4,"raw-2344-BFCAMBP",IN,0fb63a18-fd73-4377-a248-8db35bc84ce4,9859f16b-6c85-4031-b9aa-d773993678c6,2,0,0
aa8ccbf1-cb20-476d-8091-b1683999c1e2,"raw-137-ADSRFP227-G",IN,1250f0af-b87a-4693-881c-5778d4d36b78,38b7b185-d081-424e-9a1f-c32c1fa843c1,2,0,0
a9d08ab0-69d8-4b76-af1b-3945ff602e07,"raw-364-PRBW227",IN,eecc4421-9954-4ecb-9410-dd22a6aa6b7c,b3d4c69e-4f5b-4b37-ab89-11a442e49e65,19,0,0
670d449c-da1c-432d-bdb1-08f88c33398e,"raw-470-MPRFP227-W",IN,d98c0608-562a-4bd8-af0f-834ab96bb4b2,3cafc191-68ab-4072-a2f7-50568d8313c8,2,0,0
e9aaefd9-98ee-4724-b31c-5c613e7788da,"raw-494-PRBW227",IN,245b3925-abc9-44b6-b543-3d13aa04f5f3,b3d4c69e-4f5b-4b37-ab89-11a442e49e65,10,0,0
5ce86b4c-e953-480a-8a9f-813306a3870d,"raw-1958-BFFMBP",IN,3598a045-7dbf-4b36-b89a-657f70278cfb,469b3623-6cb5-4353-8fd4-d30334c78f41,1,0,0
6c8be9cd-d678-4f7f-8afb-b6ecf0e52b6f,"raw-2088-BFFMBP",IN,5d21c74e-5ac3-437f-8450-a7d10559e274,469b3623-6cb5-4353-8fd4-d30334c78f41,4,0,0
51bc3f41-f9e0-4f00-be3d-0ef398ac4100,"raw-92-PLRP221",IN,8de7a616-bcfb-42b9-bf84-9e8f8280945c,6deaf7f3-a67d-4891-af61-8a7b7af4ce08,5,0,0
55a2fd81-12e9-4e3c-954a-92a87d5678c3,"raw-1967-CBRFP221",IN,a3e967fe-6d08-426b-86c9-2142b0dbaf2d,e9f89000-0d46-47d5-9354-5eb30c275893,1,0,0
c3750f2b-7ad0-4f1d-be68-811de6b009be,"raw-2105-CRODSJH227-P",IN,7aed1736-26ea-4469-8c0b-53c8996c1a3d,d08041ec-7398-4a5a-83f5-8ba310f27b8c,1,0,0
e6ce7ea9-6c22-48e9-b16b-080b9063d965,"raw-79-MH-2ARK-4WLV",IN,a3fd1e70-f0ea-45b7-9eb0-df36befab6be,a3613c1c-e504-49aa-a6cf-0b23202499e9,2,0,0
b4c468e0-d38c-445c-b4a5-69e6eb774f31,"raw-397-ADSRFP227-G",IN,f0917398-9122-4a9f-a005-a9a84ee2c4f7,38b7b185-d081-424e-9a1f-c32c1fa843c1,1,0,0
627c44e0-ac73-4f4d-bf11-849f7d90e068,"raw-487-PPELU2277",IN,634fae3d-2762-430c-a31d-24226b10eb8e,d93f284a-b171-4d8c-bc0a-635130688b1d,1,0,0
ca8f0d31-4e1d-48e6-89a1-a2a6fdcf6c18,"raw-98-PPLRP221",IN,d89c595f-79d8-4fad-8b78-96999b760ed9,a1784731-a161-4d94-937d-40057c8de978,2,0,0
9a8b7687-1be0-4022-8e01-05a1620529ab,"raw-392-53-F3V2-POJV",IN,135be7e5-e00c-414b-b253-98b9953112c7,5e0f1f65-2dc9-4e89-9e31-ba6b2432401d,2,0,0
6d52c4ee-4b4f-4e4d-8efa-78c7058fa3a6,"raw-1961-Blue_Star",IN,57641970-c33e-4a9f-b8d0-8f3b05e238b8,b9210235-3d79-447e-9bdd-0faab3091d55,9,0,0
8779b8be-c7f9-4609-8832-147a98da9ea4,"raw-2141-DUP-Wedge03",IN,0d8597d7-439e-444d-99d2-223185a38d68,caf25774-b891-4386-8b6a-f0e02ef28031,11,0,0
49b79fce-7063-4eba-857b-624cc087a911,"raw-519-WPHP2277",IN,23230af4-2354-4f28-9e6b-ac7ce369f75d,3f6dd9b6-d4a9-4e7e-93e0-8d260d162f5d,3,0,0
8fbed7ea-6405-41f7-9bc9-18130ca19412,"raw-1466-PRBW227",IN,3278412d-3ffa-4fd0-9ab9-3232d6a9661e,b3d4c69e-4f5b-4b37-ab89-11a442e49e65,10,0,0
d6cce6c4-c54c-4047-b995-d80feec76bca,"raw-1477-RLRP227",IN,45aa204b-0080-4a05-aec4-8137be2f1aa4,7bb5cdcd-cce9-4701-a940-31869ef7eb27,1,0,0
c91e505c-9331-4ee1-bba8-518ae6a705ec,"raw-2073-WPHP2277",IN,fc9148b2-2ca6-49f9-9d72-df78263559a8,3f6dd9b6-d4a9-4e7e-93e0-8d260d162f5d,3,0,0
186243e2-b7ce-4e13-a658-99a712a577af,"raw-95-PMW227",IN,f469ac3a-26b7-4a40-9d88-4ceccb104fe0,0c6dd1fe-2923-4a19-8979-ebda213a099d,56,0,0
47584bba-44fe-4093-b0a7-b79d922c0edb,"raw-421-CRODSJH227-P",IN,2ac24755-8c41-497a-82d4-9fdea8396673,d08041ec-7398-4a5a-83f5-8ba310f27b8c,1,0,0
148f2cfd-109b-4d18-8154-83cdf99c1b7b,"raw-482-PLRP221",IN,32365ec4-616e-49c8-9208-570d252d4c9b,6deaf7f3-a67d-4891-af61-8a7b7af4ce08,1,0,0
183a81bc-dd78-4fa8-9107-03f3b5a643e6,"raw-493-PPWFFP227",IN,71231511-e821-4be7-ae4c-4837c814bc85,5ff8cf20-b689-4f08-b2ab-d1c118263c59,1,0,0
4ab9bf34-1de3-4792-9adb-dbe401134eed,"raw-1465-PPWFFP227",IN,769e8922-af32-4136-a316-e9a7d841ed6c,5ff8cf20-b689-4f08-b2ab-d1c118263c59,1,0,0
567eac85-4cd6-430a-aa3f-dc1cf90ddb79,"raw-1470-RBRFP227",IN,adc4d0b4-4749-4740-b47e-6c330a744208,b08d55bc-74a9-420e-990e-0bd1a24ee9df,1,0,0
2d568ad6-14e8-40f0-bf6f-40e1ac6b4c1b,"raw-2102-CRODA227-P",IN,0303de53-c40e-4035-b20b-bc4bcf81c3ba,8149c426-6275-4093-8798-fb120f461dc2,108,0,0
39e0f924-3019-4fca-9e69-e713213c77d4,"raw-395-A1-7PQ3-FGI3",IN,cbfd7755-e1c5-4097-9f80-d973fc36b9c5,9dcb5905-4205-4905-afca-ad693b7dc219,1,0,0
4214b570-77f2-469e-83e6-6727d797cc63,"raw-471-MPWedge227-W",IN,60eec3db-7b7b-4db6-9e3a-e6d9c59a8d85,101b042d-0c90-408e-890a-829da75ba307,56,0,0
7d5e2e8c-89c7-4eb9-b913-4ab2ccc67e5f,"raw-1474-RFPYG",IN,0c7e2cdc-f8d0-446f-b879-895d5b657572,f5e3c47c-774d-4eb5-9147-972c1c1ed2ed,1,0,0
963598c4-8577-4b5c-8838-83613f63b000,"raw-1491-WPHP2277",IN,51895383-3a59-441c-b9eb-d9a053a6c904,3f6dd9b6-d4a9-4e7e-93e0-8d260d162f5d,3,0,0
326fe6d5-3b10-4b18-81b6-733e52513836,"raw-2169-PMW227",IN,52845bbd-b580-4cde-87b7-b323313326c7,0c6dd1fe-2923-4a19-8979-ebda213a099d,71,0,0
a9325b78-6c64-4b62-8eb8-691a9c8bf4b7,"raw-114-RLRP222",IN,ea4be82f-1267-45e5-852d-9f66a54b78a9,4a4e348a-0533-454e-867e-37c3152bd98e,3,0,0
c7da97cb-ee94-46f0-8737-e81f1fc263d0,"raw-418-CRODA227-P",IN,e1fd0852-a6f9-4d03-9fca-d6d2a2c18b06,8149c426-6275-4093-8798-fb120f461dc2,69,0,0
9f28a7fd-506a-43a7-89a6-728e68ac758d,"raw-978-Aash_Star",IN,0a319e25-337f-457b-b04a-85c266b1f418,72e81234-836d-4913-bb40-876f09b5d7ba,30,0,0
2dba406e-bfbc-41f3-a652-b0b674a12c30,"raw-407-Blue_Star",IN,53ddd7d0-cdef-4ddc-a356-02f909b3de1e,b9210235-3d79-447e-9bdd-0faab3091d55,5,0,0
b7c9590a-8d24-4e35-96f1-0253ac58afc6,"raw-396-Aash_Star",IN,619ff9fe-db71-463e-8127-8fcd7c8819c4,72e81234-836d-4913-bb40-876f09b5d7ba,28,0,0
75e18927-abed-4230-90c0-62784c3deea5,"raw-1457-PMW227",IN,aaa1e193-3abe-447d-aa26-9db6265fd951,0c6dd1fe-2923-4a19-8979-ebda213a099d,24,0,0
e34192c3-bc60-419c-8449-cc83d7139af5,"raw-1260-CRODA227-P",IN,6eff17b0-4d13-4879-a55c-6ef2c5aed9e7,8149c426-6275-4093-8798-fb120f461dc2,92,0,0
c8ba2e36-5324-4707-97ba-6e023a76b872,"raw-1259-CRODA227-B",IN,327d3d39-071a-4b5b-87fc-430fbeb38cf7,0d5b973a-6122-4133-a357-47cf167981d3,196,0,0
adff468e-b7cc-43da-8340-df0e82759a97,"raw-1249-Blue_Star",IN,52480736-2ab5-45eb-a82d-8c162b361ef1,b9210235-3d79-447e-9bdd-0faab3091d55,3,0,0
7b830d9d-8cc6-485a-9ccc-ac90e618a840,"raw-1242-BFCAMBP",IN,d63d71a7-fd62-4f5a-8796-df8eadf03bb2,9859f16b-6c85-4031-b9aa-d773993678c6,2,0,0
15cf274b-5520-4aa0-99fa-c46f624cab56,"raw-1261-CRODS227",IN,068ef0ef-cea1-45b9-bb54-aefa5bc979bc,6b7ca277-4001-47d4-b4d7-02ff23544b0a,25,0,0
02f29667-e5d0-48c9-a270-e5e8956b80f4,"raw-1246-BFFMBP",IN,f266a913-4a07-4590-8168-bc1da0b0b49e,469b3623-6cb5-4353-8fd4-d30334c78f41,3,0,0
4af6b697-7fcb-4e72-a5ac-ea71fa7eb3c1,"raw-4-74-FB2A-AD9Q",IN,0e3736ee-0eb4-4977-a7c2-4a2edeca6b30,313ac926-3dac-4a1a-bf23-80d94f042cb6,26,0,0
20125e6e-74d9-48eb-8188-5462990e1114,"raw-7-ADSRFP227-G",IN,b40ef656-4fbc-4d63-835c-70d2f32c59d5,38b7b185-d081-424e-9a1f-c32c1fa843c1,8,0,0
316ce4f9-0cf0-48be-9ade-0a67580d80af,"raw-253-Wedge05",IN,ad56304f-acf4-42fb-b5e8-a2de1b7a8802,635c7d80-5b99-4954-b28c-c0a016415658,1,0,0
2da806da-c025-4265-93ff-715eb8963938,"raw-505-RLRP227",IN,ef9ebaca-8bfd-439a-8a2e-dbaf18196591,7bb5cdcd-cce9-4701-a940-31869ef7eb27,1,0,0
82f83e19-e80d-4970-8099-2c5d318170c7,"raw-1333-ppRFP221",IN,b7fd6676-298d-4d12-8401-d6a7af0b5f54,050e9cae-aafc-41da-b198-a6efbc87ecbc,1,0,0
ac355702-d66a-4f74-912a-0320e4ed955e,"raw-1302-Feeding04",IN,6a0d2757-2d3f-4bf6-bd51-adbad101b15b,29841497-27b9-4b3d-8577-4c6b5313b9ce,1,0,0
a6c63f8a-23dd-40c3-90dd-f539a2d8bf74,"raw-1305-FPPNBP-2in1",IN,2b8eae9c-3217-4ffa-9007-3ad5e2353b2e,a211ac53-b914-4b96-8d38-dd5a530c3bae,3,0,0
35d6ef90-785d-4692-8660-b987683810ef,"raw-1303-FFPNBP",IN,4d84ffb6-f24f-4f2d-a96f-e52cb676ee59,75ad4fa1-7fe2-43ca-be32-ccbc8df6389b,5,0,0
c3301bd2-2c5a-46b5-baf3-9206d8f15981,"raw-1362-WPPS2277",IN,88bbb74c-99b2-447f-b0aa-f68b3ecb1e15,1c9efa73-a9fb-417d-8485-67bed09be41c,5,0,0
75177aae-3bc6-4e10-83e6-741989066146,"raw-1312-MPRFP227-W",IN,30e9c13e-a030-456a-8d08-736e2cfe5cd3,3cafc191-68ab-4072-a2f7-50568d8313c8,5,0,0
f43f9671-f0cd-4581-b268-8c522bbc3451,"raw-1368-Aash_Star",IN,a5e27311-558e-4338-8eb8-7975695b2b98,72e81234-836d-4913-bb40-876f09b5d7ba,28,0,0
489c309e-c0b5-433e-8377-4758720f48c2,"raw-1364-53-F3V2-POJV",IN,e42f4f86-69a4-4d66-b9cc-9c161bfef8f0,5e0f1f65-2dc9-4e89-9e31-ba6b2432401d,2,0,0
f7456a94-f15a-46e9-9553-c52fba2256ec,"raw-1336-PRBW227",IN,c6da1d6a-4d3c-4b35-9214-e8aeb19c3b55,b3d4c69e-4f5b-4b37-ab89-11a442e49e65,19,0,0
49d67182-2898-4a5e-ad6f-bff30ef24cf4,"raw-1313-MPWedge227-W",IN,1e6180ac-74f5-4415-b916-73a0abdb1d20,101b042d-0c90-408e-890a-829da75ba307,34,0,0
441fd298-9575-4eb2-bd34-759b691c30db,"raw-1367-A1-7PQ3-FGI3",IN,3d912c26-e658-4e1c-95b1-257d64ec3f8f,9dcb5905-4205-4905-afca-ad693b7dc219,1,0,0
51481412-1a15-47db-ae5c-70cd038d13ed,"raw-1342-RFPH227",IN,dff96c03-0b5e-4e74-a782-1a1adfc4146f,fe4c6ee6-513a-44a6-bf25-9445abc33403,2,0,0
858273d5-0f0c-49ed-af93-544476eb9667,"raw-1311-MH-2ARK-4WLV",IN,d8bdca94-2805-45af-a752-beb163c77a11,a3613c1c-e504-49aa-a6cf-0b23202499e9,3,0,0
5d7ea47a-6c5f-46b3-835e-be946c87d6f1,"raw-1366-74-FB2A-AD9Q",IN,2900fbd9-7880-46cb-adc5-00bfe81cb096,313ac926-3dac-4a1a-bf23-80d94f042cb6,69,0,0
70508aa3-f7d0-4519-9e72-62827f3e990e,"raw-1361-WPHP2277",IN,855cea05-5242-46db-a3c9-38099d9c274a,3f6dd9b6-d4a9-4e7e-93e0-8d260d162f5d,6,0,0
cdd3c54a-4abe-4d28-94b8-189f882db4a7,"raw-1343-RFPNB227",IN,18eb1e15-aa00-4b28-b0fe-b0502ce4bf9a,ddd26a89-5df8-4cec-a705-081e3b3a062d,3,0,0
f13671c4-d6bf-4577-b106-69ea44d709ee,"raw-1327-PMW227",IN,c5938d0b-dc2d-42ee-b6b5-316ab336da93,0c6dd1fe-2923-4a19-8979-ebda213a099d,83,0,0
e19479d9-e803-4f16-a76d-b88bc70d633c,"raw-29-CRODS227",IN,6122011f-5932-4d47-b5df-981664467870,6b7ca277-4001-47d4-b4d7-02ff23544b0a,15,0,0
7f22c165-7793-4aea-b0ce-55bcc7630673,"raw-28-CRODA227-P",IN,e54c0ad9-1b98-468d-b392-f434f811f0dc,8149c426-6275-4093-8798-fb120f461dc2,102,0,0
cd4ad2f1-0c31-4ccd-bf02-16891e37c9aa,"raw-14-BFFMBP",IN,2f5f96ec-dc93-4924-9821-cf2ba12e8343,469b3623-6cb5-4353-8fd4-d30334c78f41,1,0,0
fe55e162-5fc9-4443-af05-49e7f94fb29e,"raw-61-DUP-SKU22177",IN,96f40f56-d3b8-4f1c-85f8-d698af46d650,38596cd7-d23b-4af6-80e0-d79116a6363a,1,0,0
9cea72f3-7517-4ebf-ac2e-c1f8002ab82e,"raw-32-DoubleWedge01",IN,e1dd3f52-9706-4a01-8851-d96b49a61a86,eea23a38-0bbb-4f37-ab93-36e01c08e194,1,0,0
e3827f56-e256-4ae1-babd-5d04d01f8005,"raw-6-Aash_Star",IN,db19084c-3f2d-4dfb-96cf-c1266ec06a80,72e81234-836d-4913-bb40-876f09b5d7ba,30,0,0
ecdb6776-dab6-4c29-aa25-51558f17342f,"raw-23-CBRFP221",IN,f34b3704-d10d-46ab-af2f-1ef82f9e5163,e9f89000-0d46-47d5-9354-5eb30c275893,1,0,0
98800930-6300-4f7d-a290-7da5607e9c33,"raw-17-Blue_Star",IN,554ad00f-8d86-4521-9618-7bb4d241258c,b9210235-3d79-447e-9bdd-0faab3091d55,9,0,0
41765330-28c8-4b3b-bb15-8b3a0943a65b,"raw-8-BFC360",IN,375b46cb-36f1-422f-85f3-772d9ad44873,f46f0434-c7d1-454f-a68c-1e9c343e9072,1,0,0
0063d77a-b621-4bf3-bcbe-11e9a70cec1c,"raw-27-CRODA227-B",IN,0451ee07-9d99-4c13-b32a-4fd9278cffc1,0d5b973a-6122-4133-a357-47cf167981d3,130,0,0
a60a6f75-ed6e-4ab2-ba8e-46fa0d18cee0,"raw-1297-DUP-Wedge02",IN,6b21f66d-619a-4dea-a0ff-b047a2543be9,38c298eb-adb1-49c5-b60b-413ff8db42e1,4,0,0
cb59dedc-f3f4-4520-b656-a7463c7b2383,"raw-1300-DUP-Wedgeo1",IN,1a9c51a6-afa4-4cf1-baf9-f30ae214d8c3,ea36646e-a31e-4945-b475-56378531ed2f,1,0,0
5c83a97e-fcdd-408e-b9cd-46c567955b5e,"raw-78-K9-42EM-XX55",IN,33b1992b-b71f-4715-b59d-1059aebd7cc7,d18c6b11-126d-4bad-88c5-a8f6bf16342b,3,0,0
5ff21566-2bfb-4154-951a-a5ce27fc9df2,"raw-93-PLRP222",IN,af1ebe11-3382-4f83-a05c-7fb4c879fde4,e9886af3-3008-4ca0-a855-f5e1d680c487,1,0,0
c6bdef3a-4bb8-4a38-b7fa-dc1e391aecc9,"raw-81-MPWedge227-W",IN,a509da6d-9230-4a49-b3c1-9e3483e45b4d,101b042d-0c90-408e-890a-829da75ba307,31,0,0
0ddc959e-634c-434f-8c96-5b306b999cfe,"raw-80-MPRFP227-W",IN,78e359be-9a43-4a0f-a849-8d355fafaa62,3cafc191-68ab-4072-a2f7-50568d8313c8,7,0,0
f58e4250-f1d3-4d15-b721-4b5a0a4ca389,"raw-101-ppRFP221",IN,86ee53a7-795c-4544-b188-c940f9f41df6,050e9cae-aafc-41da-b198-a6efbc87ecbc,3,0,0
612f0695-090b-4a68-8e24-6fd54d8ef090,"raw-136-Aash_Star",IN,a3eb0da1-6530-4d72-8683-7845354b5016,72e81234-836d-4913-bb40-876f09b5d7ba,34,0,0
c174af93-9774-46ba-9e34-55e334dcee96,"raw-132-53-F3V2-POJV",IN,4de5e455-ccff-49a3-88a1-80074fcb684a,5e0f1f65-2dc9-4e89-9e31-ba6b2432401d,2,0,0
c4552cb0-4aa0-446d-8156-82cbc186db26,"raw-104-PRBW227",IN,312003a6-1132-49ae-abe7-8717152fc4fb,b3d4c69e-4f5b-4b37-ab89-11a442e49e65,12,0,0
a4022729-9427-4a6b-a770-c58a68654d40,"raw-159-CRODS227",IN,e1db4164-f10d-465a-821b-a0fe72abf3ca,6b7ca277-4001-47d4-b4d7-02ff23544b0a,15,0,0
5490be74-05a3-43a0-adba-1dfcf8c90149,"raw-144-BFFMBP",IN,753f1b3c-15e6-43df-95ae-12153c327b39,469b3623-6cb5-4353-8fd4-d30334c78f41,4,0,0
af765b93-d280-4cc3-b9cd-608400f9dbc2,"raw-176-DUP-PBRFP227",IN,0394b67b-d859-4fed-acf2-8264eb845214,bba04012-794d-428d-8977-9034d003cb2c,1,0,0
98b5799a-11d8-47ad-a583-28621c20764b,"raw-2438-PRBW227",IN,54b66c60-a1b1-4126-ab66-d53693b5daaa,b3d4c69e-4f5b-4b37-ab89-11a442e49e65,10,0,0
a6a417be-f4c3-49a1-bd55-8784b10d9f66,"raw-134-74-FB2A-AD9Q",IN,09d2a271-efc8-4571-9be1-274f9a1acc51,313ac926-3dac-4a1a-bf23-80d94f042cb6,39,0,0
a567b50a-d19d-4962-8656-5066bb84d9b5,"raw-111-RFPNB227",IN,33c51b1a-c758-46cd-94aa-aa3fabd9ecc2,ddd26a89-5df8-4cec-a705-081e3b3a062d,1,0,0
c4ba752a-1017-49f1-b18e-6dbc1ce01202,"raw-2463-WPHP2277",IN,04d560be-9a25-4062-ae62-9414d9759ed8,3f6dd9b6-d4a9-4e7e-93e0-8d260d162f5d,3,0,0
0d1a50b4-3023-4a91-94fc-224e9ba806d9,"raw-222-PLRP221",IN,514179f2-7a49-4b0a-a05e-61096fb2e07b,6deaf7f3-a67d-4891-af61-8a7b7af4ce08,2,0,0
22395098-4ab3-4598-88ed-75d8655578d9,"raw-297-DUP-CBLRP227",IN,4cfc2bfe-046c-48e7-a09d-a760180daae9,af059ea9-88b7-48cc-92dc-080fca8fe2e2,1,0,0
64497a1d-ab6d-4826-a08c-c01a399c5c88,"raw-390-WPPS2277",IN,2983eb93-b74c-4dc8-9c74-8ba187be846a,1c9efa73-a9fb-417d-8485-67bed09be41c,5,0,0
7c88be5a-d0f9-42e1-96df-8d25f04f5a22,"raw-288-CRODA227-P",IN,0982d069-7949-48f0-a779-1b10a29d0c5c,8149c426-6275-4093-8798-fb120f461dc2,92,0,0
a6fd4e15-1eeb-4b79-9190-29950a8415b2,"raw-400-BFCAMBP",IN,55e22782-1f11-479c-aa34-b28845e43e2d,9859f16b-6c85-4031-b9aa-d773993678c6,2,0,0
bb593e12-f67a-4c9e-a2e6-c040f5626279,"raw-361-ppRFP221",IN,0e99a1c6-22c9-4231-9dd4-98ad40d95550,050e9cae-aafc-41da-b198-a6efbc87ecbc,1,0,0
a1453c5c-da5d-4d85-a546-e096116143cc,"raw-341-MPWedge227-W",IN,cab5db16-41a5-465e-97d6-451d00a116d6,101b042d-0c90-408e-890a-829da75ba307,34,0,0
3506aeed-c300-4ac2-857b-40a49b75ffa5,"raw-306-DUP-PBRFP227",IN,16e0d8e8-53ec-4aa1-ad13-28c4c92e482f,bba04012-794d-428d-8977-9034d003cb2c,1,0,0
685bbd0c-14af-4995-96c3-5471acac5eab,"raw-325-DUP-Wedge02",IN,7ab32412-fea2-4f69-80eb-c94aee9b3cd5,38c298eb-adb1-49c5-b60b-413ff8db42e1,4,0,0
7bce1db0-1c4a-427a-916e-f2aa4b55272d,"raw-461-FFPNBP",IN,7335d78f-7319-40fd-968a-a1340b2734fe,75ad4fa1-7fe2-43ca-be32-ccbc8df6389b,4,0,0
86ef54b8-f082-471a-8f1f-a5f128c00963,"raw-370-RFPH227",IN,88eb19ff-754f-40b4-86f2-aab4b5808b96,fe4c6ee6-513a-44a6-bf25-9445abc33403,2,0,0
0125f778-718b-4eba-8394-c6dde1e37cfd,"raw-331-FFPNBP",IN,06a7c7f7-3524-4722-9ce1-571354ac957d,75ad4fa1-7fe2-43ca-be32-ccbc8df6389b,5,0,0
06a18e05-489f-4730-836d-61fe3a8f7d0a,"raw-355-PMW227",IN,87bce713-db9d-46d5-8957-c325d30a18fa,0c6dd1fe-2923-4a19-8979-ebda213a099d,83,0,0
83225a38-824a-4aa5-8885-d28d81e34c65,"raw-401-BFCAOF",IN,0701d8fc-3df1-4a96-9b9f-bc3efdb16b69,533fe2d6-9682-4061-9b2a-fdab91843de7,2,0,0
acee81b0-4830-47d9-8509-7d2af2769bbf,"raw-1039-DUP-Wedge03",IN,b303204c-291d-480f-91d3-2a6a05fdc29f,caf25774-b891-4386-8b6a-f0e02ef28031,21,0,0
c2c861ed-abce-4c7a-b9d3-132290462c71,"raw-1076-PRBW227",IN,5da8b71c-8803-4a61-959a-5757772d695a,b3d4c69e-4f5b-4b37-ab89-11a442e49e65,12,0,0
3f0cffbd-0a6f-4f91-a299-15eae00e5021,"raw-1043-FFPNBP",IN,53358856-0ce7-4054-88dd-880d598a19f1,75ad4fa1-7fe2-43ca-be32-ccbc8df6389b,3,0,0
e735a944-79d2-475a-bb8b-9c67b29ff62f,"raw-1086-RLRP222",IN,02908c11-58cf-44a4-b518-d35eeff4b5a4,4a4e348a-0533-454e-867e-37c3152bd98e,3,0,0
ffe5612c-3974-484b-8cc4-011d0ef69b25,"raw-1067-PMW227",IN,46ce331f-95bd-43e9-aeff-316220e1296c,0c6dd1fe-2923-4a19-8979-ebda213a099d,56,0,0
86667a85-0b7f-4742-9528-9314277ff4ef,"raw-995-CBRFP221",IN,a8b7fe3f-8c6e-4c3a-909f-b95211b77392,e9f89000-0d46-47d5-9354-5eb30c275893,1,0,0
d8d24e57-2557-4c8f-9a76-19dbe06b3024,"raw-1065-PLRP222",IN,6beae549-5785-4d78-8b2a-2240319fd6ff,e9886af3-3008-4ca0-a855-f5e1d680c487,1,0,0
95e43ea3-4356-44a2-81c7-86f736e0cfa0,"raw-1001-CRODS227",IN,27c43a5c-7a53-4db6-923a-b52a7dbaa51f,6b7ca277-4001-47d4-b4d7-02ff23544b0a,15,0,0
683bb731-19a0-4715-9123-6d2559cc6630,"raw-1225-Wedge05",IN,0e09555e-899a-4365-8bca-ee1afa635443,635c7d80-5b99-4954-b28c-c0a016415658,1,0,0
2a1d479e-a99f-4ae3-b811-61575cea67e8,"raw-1231-WPHP2277",IN,0c0fb4ed-aeb4-4d30-a44b-8e6731b23389,3f6dd9b6-d4a9-4e7e-93e0-8d260d162f5d,19,0,0
351ac153-01aa-4859-bbb7-96bf438d3cc9,"raw-1224-VFF227",IN,63d56706-1a41-4482-9f45-988048111260,9fadd42d-1727-4523-99b1-4de530c5edea,1,0,0
5d219dd7-4880-4d9f-8338-1666782daa09,"raw-1216-RLRP222",IN,fdc4a93f-0d71-4664-9751-fc84d21da911,4a4e348a-0533-454e-867e-37c3152bd98e,1,0,0
ac992bdc-46a7-4037-9d41-9967835b8ead,"raw-1369-ADSRFP227-G",IN,fd4899f5-311c-488c-82d0-438d93f8955d,38b7b185-d081-424e-9a1f-c32c1fa843c1,1,0,0
e42e5b37-0627-4363-9ae0-03223676fc43,"raw-1391-CRODS227",IN,88ae2fa0-e4a2-4597-90ac-8e29c64583ca,6b7ca277-4001-47d4-b4d7-02ff23544b0a,5,0,0
670f94ad-d17f-4b91-9124-ac4487e921cc,"raw-1372-BFCAMBP",IN,54e55e6a-81aa-424f-bc5b-05b0a44a0e59,9859f16b-6c85-4031-b9aa-d773993678c6,2,0,0
54684f6c-b979-4f06-9af9-5c0e39020431,"raw-1241-BFC360MBP",IN,0bfb1a5c-44d0-4156-afd9-56be2c06a940,00ccf3f4-55ef-4e00-ad43-41e593159ca1,1,0,0
4c0b584f-2496-4ee5-bf1e-36963e1d0ced,"raw-2011-DUP-Wedge03",IN,9ba9c4ad-2557-48ba-b3b5-209b0626032e,caf25774-b891-4386-8b6a-f0e02ef28031,21,0,0
abb08911-7590-42fc-96d9-563dd5e803ae,"raw-2074-WPPS2277",IN,74280cf6-5dc6-4c24-9136-f1c7e0565f0b,1c9efa73-a9fb-417d-8485-67bed09be41c,12,0,0
99b461d2-8e68-45ec-8f8f-bac2c7a9bf9a,"raw-2018-FPPNBPV",IN,4cbcbe75-1de0-4cf4-acbb-671e9aa30876,eed97de4-bf56-4b12-81d0-10fa8f513f1c,2,0,0
5f93fefc-9bd4-4b78-b34f-552fc5946857,"raw-2023-MH-2ARK-4WLV",IN,e7e32922-f85a-4d2f-976b-e28aa33f56cf,a3613c1c-e504-49aa-a6cf-0b23202499e9,2,0,0
065df57f-8b32-4eeb-ba94-689c990f3278,"raw-2024-MPRFP227-W",IN,1748ed6a-3969-46ef-9656-cf728d16c17a,3cafc191-68ab-4072-a2f7-50568d8313c8,7,0,0
d923e8ad-4850-4114-af5e-39e519813dbf,"raw-2015-FFPNBP",IN,6f25a4e7-c387-4b81-96b2-853d059f39a1,75ad4fa1-7fe2-43ca-be32-ccbc8df6389b,3,0,0
fe5cb615-be27-4fcc-b50d-160e41063527,"raw-2025-MPWedge227-W",IN,02415a16-6954-4351-bac4-405f525692e6,101b042d-0c90-408e-890a-829da75ba307,31,0,0
cd72f636-eeb3-45e5-bd21-c9977a638936,"raw-2045-ppRFP221",IN,83428efa-7980-48f2-934c-95079e9a5536,050e9cae-aafc-41da-b198-a6efbc87ecbc,3,0,0
48843613-f627-46c2-8e47-439d938699dc,"raw-2206-53-F3V2-POJV",IN,93fc62dd-c16d-4034-89f2-509e4de045f1,5e0f1f65-2dc9-4e89-9e31-ba6b2432401d,2,0,0
43d94ddc-055d-480a-96b4-0737bc48c696,"raw-2200-WNBF",IN,4a630dab-7109-4c19-a866-576ae4a1b719,f92c7dbf-ee05-4bb6-b235-bc41b338c790,1,0,0
8e72618a-4cdc-4e46-8250-00e92f6531c0,"raw-2271-DUP-Wedge03",IN,db66d8a2-7700-47b7-a48a-f814b0b505c7,caf25774-b891-4386-8b6a-f0e02ef28031,10,0,0
5eb927e2-a59d-4df8-b0a8-11ebaf753b28,"raw-2269-DUP-Wedge02",IN,7442dbb9-c7d0-44aa-b840-b65572292817,38c298eb-adb1-49c5-b60b-413ff8db42e1,4,0,0
14e460cf-a2e5-4deb-8273-158b89f57fb3,"raw-2210-Aash_Star",IN,3d38ebcb-0fc3-4c9b-8abb-0bcdf06e1b5c,72e81234-836d-4913-bb40-876f09b5d7ba,26,0,0
813c7fbc-352e-4224-a660-2cab80db82b5,"raw-2213-BFC360MBP",IN,ba551aa9-c8db-4eb9-90ab-4eae66133881,00ccf3f4-55ef-4e00-ad43-41e593159ca1,1,0,0
5305e020-4ac1-4490-8339-814b2c47286d,"raw-2231-CRODA227-B",IN,b405d8c6-07ef-4a3d-97a1-5576024a7957,0d5b973a-6122-4133-a357-47cf167981d3,196,0,0
59b0b151-a26a-4732-aee9-790b007a1488,"raw-2232-CRODA227-P",IN,cc5a7cee-b2a1-494f-987b-7d6a8b325a48,8149c426-6275-4093-8798-fb120f461dc2,92,0,0
c7ce44b8-07cd-493a-abe7-aeb31e20afd0,"raw-2218-BFFMBP",IN,267a13dd-8912-4b87-b1b3-d85680d8b212,469b3623-6cb5-4353-8fd4-d30334c78f41,3,0,0
53ca90de-eb29-4f84-b93c-be0c0139a799,"raw-2274-Feeding04",IN,8e78de55-2769-4d76-b77b-bdf32a259e16,29841497-27b9-4b3d-8577-4c6b5313b9ce,1,0,0
967d4aa9-77cb-4b46-853b-b23ad1df2b91,"raw-2435-ppRFP221",IN,7c28f265-c23a-4fe6-83d5-3c537da09378,050e9cae-aafc-41da-b198-a6efbc87ecbc,2,0,0
3abd6454-bdad-4261-bb31-b1a0358d57d4,"raw-2437-PPWFFP227",IN,259eb370-7d33-4b03-ae12-83cbd6c11d9c,5ff8cf20-b689-4f08-b2ab-d1c118263c59,1,0,0