id,order_number,portal,total_amount,created_at
1d00dee2-5a4a-4c64-b393-9c9172bb9c3a,"MSH-1779634694043-tpww",meesho,0,2026-05-24T14:58:14.043+00:00
4bfaf2b9-7cd8-462e-a41d-d034ec3c7da5,"MSH-1779634694043-g2xx",meesho,0,2026-05-24T14:58:14.043+00:00
4196e4f9-b589-447a-bd4f-2c07b7cbb30c,"18561189AJG165FF2E",firstcry,0,2026-05-15T12:48:44.498849+00:00
395cb5a0-f3f7-417f-bc11-085f182e1912,"MSH-1779634694043-fzz6",meesho,0,2026-05-24T14:58:14.043+00:00
0842d46d-1da5-471a-8f97-cd517645274a,"MSH-1779634694043-1p5w",meesho,0,2026-05-24T14:58:14.043+00:00
0b05a560-5d0f-4767-99e4-67a5fa24e9ac,"6999257OEX7F00A25",firstcry,0,2026-05-15T12:48:45.77064+00:00
a15c1212-2ca5-4a27-910a-737e805b3f2c,"31963034WFH8F2AD35",firstcry,0,2026-05-15T12:48:43.476923+00:00
9b475559-cb2c-4da6-962e-2404b4813bb0,"23425484WCD1178101",firstcry,0,2026-05-15T12:48:43.665994+00:00
849df9d4-b61d-46ec-968a-4156f66fed53,"MSH-1779634694043-mvp0",meesho,0,2026-05-24T14:58:14.043+00:00
8e5ebfe2-2552-4618-beba-b55a9087ab31,"40792119DHB33351E6",firstcry,0,2026-05-15T12:48:45.511446+00:00
eac1095f-706c-446b-9a5a-e19f25652422,"18068685RVK94A4F03",firstcry,0,2026-05-15T12:48:45.09645+00:00
a82d986f-bb8a-4f74-ad78-76b9e71053ed,"39936858GHI5291659",firstcry,0,2026-05-15T12:48:44.309848+00:00
d47e58a7-c2fb-454a-a6c8-885889205ba7,"40071936CAE5884B0D",firstcry,0,2026-05-15T12:48:44.436853+00:00
fcc9b477-cd77-4c2f-a22c-143adb430109,"MSH-1779634694043-zv7c",meesho,0,2026-05-24T14:58:14.043+00:00
396164ec-f73f-4a79-b5da-3909f95ba6db,"MSH-1779634694043-we1j",meesho,0,2026-05-24T14:58:14.043+00:00
30a9e9bd-1940-4870-b38f-3240c86371cf,"MSH-1779634694043-jnyq",meesho,0,2026-05-24T14:58:14.043+00:00
f55ec9b2-7154-4e93-ad29-f8056947e680,"MSH-1779634694043-xqy5",meesho,0,2026-05-24T14:58:14.043+00:00
248f1842-b4d4-420a-82ab-203f3fa81257,"MSH-1779634694219-v0ir",meesho,0,2026-05-24T14:58:14.219+00:00
48a65a61-f5d6-4fc1-857e-09c93225ff77,"MSH-1779634694219-jnwy",meesho,0,2026-05-24T14:58:14.219+00:00
e667a5c7-cb8f-4e70-b906-7d9f9301b5e0,"MSH-1779634694219-4ko4",meesho,0,2026-05-24T14:58:14.219+00:00
463e4a52-6ef2-4ad5-ac17-62032df21d7f,"8269746KHK1F3638D",firstcry,0,2026-05-15T12:48:45.77064+00:00
9f84cceb-c9b0-43fc-8b4c-0a6d08a9f6ae,"34313625MDZ6307596",firstcry,0,2026-05-15T12:48:45.837288+00:00
2763e3c0-94ae-4562-8e44-729afdf868fd,"MSH-1779634694219-tipb",meesho,0,2026-05-24T14:58:14.219+00:00
f18634d9-9c71-485c-aba7-9045f9dd0726,"36855027NSA9F8428F",firstcry,0,2026-05-15T12:48:43.476923+00:00
39047eb0-fd98-4564-a041-9359d7f983b8,"MSH-1779634694219-zcc8",meesho,0,2026-05-24T14:58:14.219+00:00
5eb8c481-0ddc-4297-9b54-d9df859fd7b5,"MSH-1779634694219-1x3z",meesho,0,2026-05-24T14:58:14.219+00:00
0cec0a8e-1cdd-4314-86af-9a278ec15db8,"23709036ZED5B47779",firstcry,0,2026-05-15T12:48:44.897946+00:00
5635ba2b-d619-47f6-ae77-0cff6030904c,"19255417RAK3A557CF",firstcry,0,2026-05-15T12:48:43.476923+00:00
106e90b6-3707-4a5f-a941-f58f210cd014,"12667082CAQ7015202",firstcry,0,2026-05-15T12:48:45.646024+00:00
496f8136-07d2-446f-8674-393e35f4aec3,"MSH-1779634694218-qnwf",meesho,0,2026-05-24T14:58:14.219+00:00
68d703c2-e29c-4b37-b54e-8e6373f05ee9,"30560866ZZPE77C08F",firstcry,0,2026-05-15T12:48:44.622613+00:00
8dfee8a3-85a0-47f6-919e-88d2474aac59,"39511019AUYCA72754",firstcry,0,2026-05-15T12:48:43.354001+00:00
4e296fcf-0471-4df6-8b51-c4931432b90e,"MSH-1779634694420-6koq",meesho,0,2026-05-24T14:58:14.42+00:00
454f3f85-857b-4798-81f2-96d87a81065c,"MSH-1779634694420-2iwb",meesho,0,2026-05-24T14:58:14.42+00:00
6d9f8598-a653-4090-b212-1268d7d810ad,"MSH-1779634694420-c35x",meesho,0,2026-05-24T14:58:14.42+00:00
ea18264a-512a-4fdf-9505-3fcb1a0ab6d4,"MSH-1779634694420-9m0f",meesho,0,2026-05-24T14:58:14.42+00:00
62d14eea-811e-4ea7-a225-7ffef0918df0,"21355329VUA550DA90",firstcry,0,2026-05-15T12:48:45.714042+00:00
96384e13-6efc-4494-a830-8876c79eeab7,"35189511WNS4B98414",firstcry,0,2026-05-15T12:48:43.665994+00:00
5e0b5291-525b-4115-b0b0-ad03e715a197,"18013504QGMC7B259C",firstcry,0,2026-05-15T12:48:44.956256+00:00
69b39504-4ace-419f-9a5c-de03fd7ebfab,"23567702XZG70E3E18",firstcry,0,2026-05-15T12:48:43.296621+00:00
dedcd03f-04a1-43c3-8b73-b62644cb24fd,"19397667LVP2E2F540",firstcry,0,2026-05-15T12:48:43.72566+00:00
26f8cd4b-32ce-4b38-8c45-3c5b196f578b,"40957030MFN29C652A",firstcry,0,2026-05-15T12:48:45.714042+00:00
c4b77c90-02e2-4e41-8736-2d63331262cb,"MSH-1779634694420-jf0f",meesho,0,2026-05-24T14:58:14.42+00:00
f3d0f6fe-b61f-4ec0-ba87-6f272d3206ad,"11484942UJLA47428A",firstcry,0,2026-05-15T12:48:45.646024+00:00
58d91dea-b5cd-4bd5-85a8-f630c25a8ec3,"40807568IXM337FF3D",firstcry,0,2026-05-15T12:48:45.894407+00:00
996fda0d-fdb1-42e6-9600-b82d4152b323,"39881331ENX9005727",firstcry,0,2026-05-15T12:48:44.309848+00:00
cbaa2ed3-e792-4a26-bce7-952042031871,"MSH-1779634694811-s9c9",meesho,0,2026-05-24T14:58:14.811+00:00
f9f6a3ff-2cf4-4822-ae50-89b1ff870ef2,"MSH-1779634694811-dq0b",meesho,0,2026-05-24T14:58:14.811+00:00
81b58e13-7331-46b9-ba4a-8533c4e10431,"MSH-1779634694811-wygh",meesho,0,2026-05-24T14:58:14.811+00:00
656ff1ff-4a6c-40e2-aeb1-8b2d4ab87a2c,"40517019WDJ595A4B1",firstcry,0,2026-05-15T12:48:44.956256+00:00
ff72cef2-e9eb-46ec-b61a-2e87a3374858,"MSH-1779634694811-evjk",meesho,0,2026-05-24T14:58:14.811+00:00
89ecfe8f-238a-4d30-9e4e-134808ca0d11,"39436518HFH5B590F0",firstcry,0,2026-05-15T12:48:43.296621+00:00
83c37085-89c9-43e8-932e-167c496e359f,"2884775ACU4144641",firstcry,0,2026-05-15T12:48:44.498849+00:00
4efa2b8b-2d18-4456-9be9-bc81b36b6d76,"MSH-1779634694811-v9g2",meesho,0,2026-05-24T14:58:14.811+00:00
c16cb7c5-4fc4-46ae-a16e-96bf88bbc12f,"MSH-1779634694811-5w6e",meesho,0,2026-05-24T14:58:14.811+00:00
a3bffcd1-6193-48e6-b9f2-aec9b2886315,"MSH-1779634694811-tizt",meesho,0,2026-05-24T14:58:14.811+00:00
8510eedb-0995-462e-8c50-e8575c6f080d,"MSH-1779634694811-efo0",meesho,0,2026-05-24T14:58:14.811+00:00
4ae9901c-2e5b-4715-b6fc-c3e260a8fa34,"MSH-1779634694811-z0ay",meesho,0,2026-05-24T14:58:14.811+00:00
a0a253d9-e0b9-4af9-8b96-e80b0d54eea9,"MSH-1779634694811-kgu7",meesho,0,2026-05-24T14:58:14.811+00:00
1ca8f13e-6a15-4e95-8823-2ffbef76c243,"MSH-1779634694811-t3rm",meesho,0,2026-05-24T14:58:14.811+00:00
52856296-be04-49da-94e8-9a7144ea48d8,"MSH-1779634694811-ng1g",meesho,0,2026-05-24T14:58:14.811+00:00
91340eed-df2e-4c41-9c76-d35068f7a6c0,"MSH-1779634694811-dybm",meesho,0,2026-05-24T14:58:14.811+00:00
9b5f484e-096f-4ca5-9bb6-7181b21315ba,"MSH-1779634694811-psk6",meesho,0,2026-05-24T14:58:14.811+00:00
23fdb57c-5740-4db3-8d86-f6b915e4facb,"MSH-1779634694811-kyf9",meesho,0,2026-05-24T14:58:14.811+00:00
5dfd96e9-4533-4b26-96f1-32c0f4c0558e,"MSH-1779634694811-qbyc",meesho,0,2026-05-24T14:58:14.811+00:00
2c07e4bd-76c9-4c1a-badd-dffdc0b59f8a,"MSH-1779634694811-o55x",meesho,0,2026-05-24T14:58:14.811+00:00
f7725a17-dd7b-4ec1-9f8c-6147135c6f12,"MSH-1779634694811-0j0h",meesho,0,2026-05-24T14:58:14.811+00:00
e3293f55-31f4-47d7-be2c-3265b6851604,"MSH-1779634694811-i881",meesho,0,2026-05-24T14:58:14.811+00:00
5b70dddc-e4b7-4cd7-a2c1-37187962aa10,"MSH-1779634694811-dwsa",meesho,0,2026-05-24T14:58:14.811+00:00
990282e4-6e85-4668-b7d2-dce13ee2f601,"MSH-1779634694811-iprm",meesho,0,2026-05-24T14:58:14.811+00:00
64dc0c70-a694-4cb2-bbaf-145994248f0c,"MSH-1779634694811-6y8s",meesho,0,2026-05-24T14:58:14.811+00:00
a532f7c1-a5e7-4629-9f93-10573dc90af5,"MSH-1779634694811-nt7x",meesho,0,2026-05-24T14:58:14.811+00:00
aba82fc1-09ef-4e1e-9e3d-5ff52a6dffd0,"40357459ZYCB680F18",firstcry,0,2026-05-15T12:48:45.646024+00:00
07f3d732-c229-47ee-9a99-5bbe2c371e36,"40158749YXB5B2D457",firstcry,0,2026-05-15T12:48:44.562549+00:00
db853fbd-95f7-4140-aec0-d8bca03d3da1,"40052834HBCF136928",firstcry,0,2026-05-15T12:48:44.369647+00:00
711cb387-adcb-4625-9933-3fbeb34e98fa,"10131729EUYB33D620",firstcry,0,2026-05-15T12:48:44.309848+00:00
9baa393a-da66-4c45-9df0-b51e1a3b5661,"4061198YPXF7263C7",firstcry,0,2026-05-15T12:48:45.580911+00:00
41513bb8-6303-4292-83c4-4b4e0b6dbd61,"MSH-1779634765014-ubr1",meesho,0,2026-05-24T14:59:25.014+00:00
9bbbe9e4-955d-4ac2-937c-bfd442bdf602,"39998341IGN30E4EC4",firstcry,0,2026-05-15T12:48:44.369647+00:00
06624c9c-c346-424d-b585-3bb33596ead7,"MSH-1779634765014-i3bd",meesho,0,2026-05-24T14:59:25.014+00:00
a6d439d7-7135-40fb-abff-15db7edd05b4,"MSH-1779634765014-urpc",meesho,0,2026-05-24T14:59:25.014+00:00
5c7e673c-1b55-4469-abe6-dc9294ac4407,"MSH-1779634765014-31s2",meesho,0,2026-05-24T14:59:25.014+00:00
0b80d9a9-f252-46b5-a670-4d21dc946291,"30350013LSCDD769B6",firstcry,0,2026-05-15T12:48:43.222935+00:00
282e9273-8d61-4827-bb21-423a645dffa8,"25685232UYY56CF4A2",firstcry,0,2026-05-15T12:48:43.417304+00:00
ac005026-3fcf-4d7b-a20f-c704177f017b,"MSH-1779634765014-75dz",meesho,0,2026-05-24T14:59:25.014+00:00
0e94679b-0d57-496d-943f-0445f0234b13,"MSH-1779634765014-dx4r",meesho,0,2026-05-24T14:59:25.014+00:00
5165bf6b-36bc-4915-b7b4-df78866045e9,"MSH-1779634765014-fkgc",meesho,0,2026-05-24T14:59:25.014+00:00
6cfa1b14-0d57-40a8-a9fb-093cf96aec6c,"MSH-1779634765014-ybil",meesho,0,2026-05-24T14:59:25.014+00:00
7f384e83-0fec-4435-be38-8106ec656c66,"MSH-1779634765014-0lpq",meesho,0,2026-05-24T14:59:25.014+00:00
4f80ebf1-c49a-497e-8eb5-7f36ac1279be,"37478586ANO81DE835",firstcry,0,2026-05-15T12:48:45.511446+00:00
d518026e-4a09-4556-8670-38cc208f0f34,"MSH-1779634765266-w85y",meesho,0,2026-05-24T14:59:25.266+00:00
6e677a07-bf4b-492b-b8d3-843409040039,"895425LFEA167D",firstcry,0,2026-05-15T12:48:43.605545+00:00
c3f4b633-0724-4732-b7ca-b1bb798ae658,"MSH-1779634765266-k9u8",meesho,0,2026-05-24T14:59:25.266+00:00
b74b0eb3-5657-4af6-9a00-aeee888e69d6,"MSH-1779634765266-kdb1",meesho,0,2026-05-24T14:59:25.266+00:00
2673d4e0-7dd4-4aeb-8b73-0f54f698ffc1,"MSH-1779634765266-2c2l",meesho,0,2026-05-24T14:59:25.266+00:00
56b03b87-90fd-48d8-a457-f76088cb2ed0,"40249536AYY594C6AD",firstcry,0,2026-05-15T12:48:44.697788+00:00
67f3104d-8826-4651-b2d3-542e9b103edd,"MSH-1779634765266-d0qd",meesho,0,2026-05-24T14:59:25.266+00:00
d6f72f32-5b65-4766-a0c2-1d635cead04f,"11050265ZWO4045F97",firstcry,0,2026-05-15T12:48:44.897946+00:00
07a87643-37eb-4219-81fc-7d90f6bed56a,"38705080FBWC80AE98",firstcry,0,2026-05-15T12:48:43.296621+00:00
94e01f41-b388-4a2c-b670-e0e539310dc3,"41131767ZXADAA293B",firstcry,0,2026-05-15T12:48:45.837288+00:00
5bb3e47d-9a2a-443d-8396-5c0e0d377872,"7005212RQMF6AD43A",firstcry,0,2026-05-15T12:48:45.714042+00:00
50b24688-239f-4827-a997-b933c9cbbddf,"30330463ISM2A3A0FC",firstcry,0,2026-05-15T12:48:45.646024+00:00
c282a2de-b78c-4d48-982c-f227340f4888,"19720590HTNEDE2CB2",firstcry,0,2026-05-15T12:48:43.605545+00:00
3c532aea-e301-484b-b1bc-ca7fcab0423f,"13267OSICDBF5A9",firstcry,0,2026-05-15T12:48:43.665994+00:00
d5063eb2-54c7-453d-8805-4621ce3559a3,"21180564BTDC2AACC9",firstcry,0,2026-05-15T12:48:44.436853+00:00
4b83dc04-3ad9-44ac-a17c-ebbd360da0eb,"39559040XBDFAD352D",firstcry,0,2026-05-15T12:48:45.646024+00:00
6e7c596b-ddce-4355-82c6-5f894d617e6c,"MSH-1779634765266-2sk0",meesho,0,2026-05-24T14:59:25.266+00:00
aa9a40c0-7eec-4039-8a18-58147b5493fb,"MSH-1779634765266-yl9i",meesho,0,2026-05-24T14:59:25.266+00:00
9c40b405-e516-45e5-8134-f331adb4f850,"39599874JHW2AA240C",firstcry,0,2026-05-15T12:48:45.171829+00:00
6bde2236-7354-490b-a64f-b9222f9033a5,"MSH-1779634765465-l5en",meesho,0,2026-05-24T14:59:25.465+00:00
c1b0db6b-259d-4032-9fda-f893f896d219,"19569173PZGC3A1033",firstcry,0,2026-05-15T12:48:43.605545+00:00
628a1503-ae64-4157-b6b7-c23a16365eab,"31402569YJHE28584D",firstcry,0,2026-05-15T12:48:45.09645+00:00
0934f99a-160f-4b42-bcd8-6de1f883b0b0,"36469023WNK5804775",firstcry,0,2026-05-15T12:48:44.236701+00:00
24a5bad3-fb26-480a-8a29-2a8b39a158b4,"35238300ZFZ3651BE0",firstcry,0,2026-05-15T12:48:44.498849+00:00
f7283d14-238b-47b2-aa30-6c62ff1aad02,"MSH-1779634765465-lfl6",meesho,0,2026-05-24T14:59:25.465+00:00
edeb8c6e-183e-4c77-ae7a-2f8fd3862429,"MSH-1779634765465-uoqg",meesho,0,2026-05-24T14:59:25.465+00:00
8734474e-3995-44ae-86f9-277804abb377,"39697930XIJDB58EBA",firstcry,0,2026-05-15T12:48:45.250424+00:00
6f0cd337-bde7-45a5-8d4b-c4f35d354b4a,"41090876FSI3AFA3E6",firstcry,0,2026-05-15T12:48:45.77064+00:00
6da9d8af-8812-4c7b-b469-bb2e4bf0c017,"MSH-1779634765465-9sun",meesho,0,2026-05-24T14:59:25.465+00:00
e619bcaf-b61d-49bc-9cee-c3667e2f1bcc,"MSH-1779634765465-tj1b",meesho,0,2026-05-24T14:59:25.465+00:00
23eb792f-73e7-4fa7-aa6d-2a3c8fb30a12,"18427032TYOE59F761",firstcry,0,2026-05-15T12:48:43.296621+00:00
cd1b5e34-81e2-4949-a05f-42a045a687a9,"40674920KMS26F4D9B",firstcry,0,2026-05-15T12:48:45.171829+00:00
c9b3dc4e-c43b-4fdc-92e0-30c3d4aaff61,"MSH-1779634765603-2y75",meesho,0,2026-05-24T14:59:25.603+00:00
f620c126-8cad-4612-a58e-9ca1edf17253,"37273662FPJBB5FC63",firstcry,0,2026-05-15T12:48:44.236701+00:00
8dedaa45-4f4e-4bb9-a8ad-b85f030bf79b,"39043416FHC5C357ED",firstcry,0,2026-05-15T12:48:44.956256+00:00
a6f97f2f-8f20-485a-afed-eaa95df8ab7a,"MSH-1779634765604-19n5",meesho,0,2026-05-24T14:59:25.604+00:00
e87d2ede-a643-4d41-aa9a-bfd08273130a,"40032611TYFDAE673A",firstcry,0,2026-05-15T12:48:44.562549+00:00
cb38dd91-5d0e-4d3d-842a-4f5cee998926,"MSH-1779634765604-h7dy",meesho,0,2026-05-24T14:59:25.604+00:00
202d2205-51be-432e-b96e-3d5dd3cfe6f0,"MSH-1779634765604-oc0d",meesho,0,2026-05-24T14:59:25.604+00:00
6d767a6b-eb0e-488e-a0e5-ba9c1dbe5874,"MSH-1779634765604-2hi9",meesho,0,2026-05-24T14:59:25.604+00:00
e11c3f11-d869-48d5-89f3-1cbcb068fc26,"MSH-1779634765604-ckl6",meesho,0,2026-05-24T14:59:25.604+00:00
e652537f-4a56-4c3d-8657-58b1ac4b2381,"MSH-1779634765604-btmv",meesho,0,2026-05-24T14:59:25.604+00:00
b9437732-bcac-4bb6-9bea-90ff91e9a2f8,"MSH-1779634765604-8ozl",meesho,0,2026-05-24T14:59:25.604+00:00
543d0029-5a06-47d8-be8d-d4a26aab4403,"MSH-1779634765604-g2u0",meesho,0,2026-05-24T14:59:25.604+00:00
6b8f2603-190e-4da1-82eb-56a2fb677de9,"MSH-1779634765604-9k7a",meesho,0,2026-05-24T14:59:25.604+00:00
9757d3df-45b7-4c85-87f3-477047be620a,"MSH-1779634765604-xnuo",meesho,0,2026-05-24T14:59:25.604+00:00
1afd4656-f909-43c8-bf80-9769645d936d,"MSH-1779634765604-z5xm",meesho,0,2026-05-24T14:59:25.604+00:00
a8b56a22-ea1f-4dda-8ed0-34fb3d48fb61,"MSH-1779634765604-xr2b",meesho,0,2026-05-24T14:59:25.604+00:00
46aca999-cd11-477e-95dc-f724a70137dc,"MSH-1779634765604-90om",meesho,0,2026-05-24T14:59:25.604+00:00
88ef069a-2489-401c-a8d2-21e457459737,"MSH-1779634765604-gs34",meesho,0,2026-05-24T14:59:25.604+00:00
b47bbe9d-680f-416f-9b52-97cb054b6c98,"MSH-1779634765604-72i4",meesho,0,2026-05-24T14:59:25.604+00:00
91419ea5-de93-4aa2-b6c6-4880db582868,"MSH-1779634765604-txnf",meesho,0,2026-05-24T14:59:25.604+00:00
68d213c5-9c22-4038-9aeb-adf42dbb3451,"MSH-1779634765604-hxkr",meesho,0,2026-05-24T14:59:25.604+00:00
927733a7-3197-4214-aa70-1e026333cb2c,"MSH-1779634765604-ouc5",meesho,0,2026-05-24T14:59:25.604+00:00
cceda1a8-6af4-42ee-989c-e2d36cd5ea42,"MSH-1779634765604-yqnv",meesho,0,2026-05-24T14:59:25.604+00:00
dbd7ea8b-2485-43cf-81f9-50f938c27595,"MSH-1779634765604-a9iz",meesho,0,2026-05-24T14:59:25.604+00:00
3301c30e-e837-4b9a-a5b9-29832664f567,"MSH-1779634765604-jwam",meesho,0,2026-05-24T14:59:25.604+00:00
0780cede-c586-4cd2-9d55-23c5b924c8f3,"MSH-1779634765604-8j69",meesho,0,2026-05-24T14:59:25.604+00:00
b0cbd706-9f70-4518-a0fa-1cc80867713f,"14213177WJQD6D08E7",firstcry,0,2026-05-15T12:48:43.149935+00:00
ec9e8c5b-b1e7-4438-9c9a-10c4ce4eb77b,"AUTO-FC-1779214073595-1",firstcry,0,2026-05-19T18:08:01.998468+00:00
ca5fe23a-a4cd-4368-b3f3-d58e08d4ffb4,"39491954VPY05F9D17",firstcry,0,2026-05-15T12:48:43.296621+00:00
0f285c13-6313-4f52-8b09-aa37feb8b646,"40789256VKV50260AC",firstcry,0,2026-05-15T12:48:45.31236+00:00
6f051f8f-7750-4d50-9aa8-4c5c30db0f39,"https://www.firstcry.com/get-it/get-it-premium-multi-usage-breastfeeding-cover-apron-model-nursing-cover-adjustable-strap-easy-use-in-travel-navy-blue-print/17729915/product-detail",firstcry,0,2026-05-19T18:08:01.998468+00:00
da04fee6-0c3b-45ff-aed6-2343c5021f06,"https://www.firstcry.com/get-it/get-it-100-cotton-breast-feeding-foam-pillow-removable-cover-with-zip-buckle-adjust-nursing-extra-large-red-white/1039324/product-detail",firstcry,0,2026-05-19T18:08:01.998468+00:00
ea40514b-1cd3-4b52-881a-46d275f224c6,"https://www.firstcry.com/get-it/get-it-maternity-pillow-multi-usage-premium-j-shape-100-cotton-removable-cover-with-zip-maroon/17729904/product-detail",firstcry,0,2026-05-19T18:08:01.998468+00:00
88df1260-e927-49dd-a1b2-0b4993895309,"https://www.firstcry.com/get-it/get-it-premium-multi-usage-breastfeeding-cover-nursing-cover-360-degree-protection-navy-blue-print/17729914/product-detail",firstcry,0,2026-05-19T18:08:01.998468+00:00
f8b5a1e0-e364-4429-8787-3b5bd27c3384,"https://www.firstcry.com/get-it/get-it-100-cotton-breast-feeding-recron-pillow-removable-cover-with-zip-buckle-adjust-nursing-navy-blue/11261921/product-detail",firstcry,0,2026-05-19T18:08:01.998468+00:00
62793349-b0f4-447d-aa10-9490b872a389,"https://www.firstcry.com/get-it/get-it-maternity-pillow-premium-3-in-1-multi-usage-as-breastfeeding-baby-guard-100-cotton-removable-cover-with-zip-orange/17729908/product-detail",firstcry,0,2026-05-19T18:08:01.998468+00:00
f5349853-35b5-4bef-ae04-c3d7acfa86d2,"40234410NXE6060D01",firstcry,0,2026-05-15T12:48:44.622613+00:00
35945fb3-e67c-4753-a1f6-eda9a15c4cf0,"https://www.firstcry.com/get-it/get-it-100-cotton-extra-large-breast-foam-feeding-pillow-removable-cover-with-zip-buckle-adjust-nursing-navy-blue-print/17729912/product-detail",firstcry,0,2026-05-19T18:08:01.998468+00:00
c83c9eb4-0d20-4ab0-9a77-98f52ec67c61,"https://www.firstcry.com/get-it/get-it-100-cotton-multi-use-wedge-pregnancy-heart-print-pillow-removable-cover-with-zip-pink-heart/11261909/product-detail",firstcry,0,2026-05-19T18:08:01.998468+00:00
955b5adb-27ed-4bc4-99fe-7e3021f17eb5,"https://www.firstcry.com/get-it/get-it-100-cotton-multi-use-wedge-pregnancy-pillow-with-extra-inner-removable-cover-with-zip-wedge-royal-blue/14134975/product-detail",firstcry,0,2026-05-19T18:08:01.998468+00:00
66c8fa3c-7eb6-4b4a-adff-7e55708b4ecf,"https://www.firstcry.com/get-it/get-it-100-cotton-breast-feeding-recron-pillow-removable-cover-with-zip-buckle-adjust-nursing-full-pink/2822743/product-detail",firstcry,0,2026-05-19T18:08:01.998468+00:00
5cbe0d5b-6117-409c-899e-926622a6836e,"https://www.firstcry.com/get-it/get-it-100-cotton-c-shape-maternity-pillow-removable-cover-with-zip-red/2189129/product-detail",firstcry,0,2026-05-19T18:08:01.998468+00:00
dc36bdec-97c0-4b19-96c3-ac83c7474345,"https://www.firstcry.com/get-it/get-it-premium-multi-usage-breastfeeding-cover-apron-model-nursing-cover-adjustable-strap-easy-use-in-travel-red-checked/17729916/product-detail",firstcry,0,2026-05-19T18:08:01.998468+00:00
6227b121-06bc-4af8-91bc-95ebe7bff34b,"https://www.firstcry.com/get-it/get-it-organic-cotton-head-shaping-pillow-with-blooster-for-infants-and-toddlers-heart-print-pink-heart/11261920/product-detail",firstcry,0,2026-05-19T18:08:01.998468+00:00
ab9f4545-0083-4a0a-9cdd-1ae4ed9c06f0,"https://www.firstcry.com/get-it/get-it-100-cotton-multi-use-wedge-pregnancy-star-print-pillow-removable-cover-with-zip-pink-star/11261906/product-detail",firstcry,0,2026-05-19T18:08:01.998468+00:00
552e7391-263c-4257-80e9-c37f4d3abbc0,"186525MD3CEC8D",firstcry,0,2026-05-15T12:48:43.476923+00:00
3e247c3d-da1c-4f7b-a135-81daab374849,"41046731ASG775426A",firstcry,0,2026-05-15T12:48:45.714042+00:00
72cce34b-5f6b-4d07-af2c-cfe5831ad29b,"17845694VVP14F2F72",firstcry,0,2026-05-15T12:48:45.448052+00:00
6858ce5c-2794-4dcd-974e-716f6d4db98f,"https://www.firstcry.com/get-it/get-it-100-cotton-double-wedge-pregnancy-pillow-with-quilted-cover-removable-cover-with-zip-purple/1417811/product-detail",firstcry,0,2026-05-19T18:08:01.998468+00:00
4481c441-bcad-4c90-8ee1-310f76f7ed6b,"https://www.firstcry.com/get-it/get-it-100-cotton-multi-use-wedge-pregnancy-star-print-pillow-removable-cover-with-zip-cryan-blue-heart/11261908/product-detail",firstcry,0,2026-05-19T18:08:01.998468+00:00
d39eeecb-ed3f-4c59-a9ea-03c27575dc16,"13856915EOVE6A27EF",firstcry,0,2026-05-15T12:48:44.622613+00:00
fe9b7160-0fc9-411e-bf02-b5d56d830eeb,"https://www.firstcry.com/get-it/get-it-organic-cotton-head-shaping-pillow-with-blooster-for-infants-and-toddlers-star-print-pink-star/11261917/product-detail",firstcry,0,2026-05-19T18:08:01.998468+00:00
9c1a9053-cc15-44e9-bc91-8b73f2a7ec1e,"https://www.firstcry.com/get-it/get-it-100-cotton-long-maternity-pillow-6ft-height-for-comfortable-ajustable-poistion-to-support-back-pain-and-stomach-blue/2822753/product-detail",firstcry,0,2026-05-19T18:08:01.998468+00:00
bb8f2605-7700-411a-87c0-e3f7849c379b,"https://www.firstcry.com/get-it/get-it-100-cotton-multi-use-wedge-pregnancy-star-print-pillow-removable-cover-with-zip-cryan-blue-star/11261907/product-detail",firstcry,0,2026-05-19T18:08:01.998468+00:00
7ddc537e-c9e5-400c-8fb6-c2fb54d77144,"https://www.firstcry.com/get-it/get-it-100-cotton-breast-feeding-recron-leaf-print-pillow-removable-cover-with-zip-buckle-adjust-nursing-blue-leaf-print/11261923/product-detail",firstcry,0,2026-05-19T18:08:01.998468+00:00
3141bb62-43d3-4465-a3f7-8e4c83591c4f,"https://www.firstcry.com/get-it/get-it-100-cotton-j-shape-premium-maternity-pillow-removable-cover-with-zip-dark-pink/11261904/product-detail",firstcry,0,2026-05-19T18:08:01.998468+00:00
50443ed9-d1f5-472d-b02c-62688092e496,"https://www.firstcry.com/get-it/get-it-organic-cotton-head-shaping-pillow-for-infants-and-toddlers-heart-print-pink-heart/11261916/product-detail",firstcry,0,2026-05-19T18:08:01.998468+00:00
bad7b19e-f3f7-43bd-b4f1-9188c001e256,"https://www.firstcry.com/get-it/get-it-maternity-pillow-multi-usage-premium-j-shape-100-cotton-removable-cover-with-zip-navy-blue/17729902/product-detail",firstcry,0,2026-05-19T18:08:01.998468+00:00
06ffc185-f1b9-4f78-a901-fc364c121583,"https://www.firstcry.com/get-it/get-it-maternity-pillow-premium-3-in-1-multi-usage-as-breastfeeding-baby-guard-100-cotton-removable-cover-with-zip-navy-blue-plain/17729909/product-detail",firstcry,0,2026-05-19T18:08:01.998468+00:00
910c33b5-33fd-4d39-99bd-8ba41bce1fd3,"https://www.firstcry.com/get-it/get-it-maternity-pillow-premium-3-in-1-multi-usage-as-breastfeeding-baby-guard-100-cotton-removable-cover-with-zip-grey-plain/17729906/product-detail",firstcry,0,2026-05-19T18:08:01.998468+00:00
ea5c7ae1-4022-48ee-93a2-6064e5f27850,"https://www.firstcry.com/get-it/get-it-maternity-pillow-premium-3-in-1-multi-usage-as-breastfeeding-baby-guard-100-cotton-removable-cover-with-zip-maroon-plain/17729907/product-detail",firstcry,0,2026-05-19T18:08:01.998468+00:00
9f5f7145-1661-4076-aaa0-18f2736379cd,"https://www.firstcry.com/get-it/get-it-maternity-pillow-premium-3-in-1-multi-usage-as-breastfeeding-baby-guard-100-cotton-removable-cover-with-zip-navy-blue-print/17729905/product-detail",firstcry,0,2026-05-19T18:08:01.998468+00:00
2d0ed645-6229-4cb6-8cf0-0cd83e56e670,"https://www.firstcry.com/get-it/get-it-100-cotton-c-shape-maternity-pillow-removable-cover-with-zip-navy-blue/11261911/product-detail",firstcry,0,2026-05-19T18:08:01.998468+00:00
3a6f0d98-a505-46ec-a646-662433543a42,"https://www.firstcry.com/get-it/get-it-100-cotton-double-wedge-pregnancy-pillow-with-quilted-cover-removable-cover-with-zip-apple-green/1039326/product-detail",firstcry,0,2026-05-19T18:08:01.998468+00:00
75d2743d-81a3-411d-b2bc-9c106c43af60,"https://www.firstcry.com/get-it/get-it-100-cotton-breast-feeding-recron-leaf-print-pillow-removable-cover-with-zip-buckle-adjust-nursing-pink-leaf-print/11261925/product-detail",firstcry,0,2026-05-19T18:08:01.998468+00:00
fcb14f98-7b62-4486-be37-3fb57d0a04ff,"https://www.firstcry.com/get-it/get-it-100-cotton-c-shape-maternity-pillow-removable-cover-with-zip-baby-pink/11261912/product-detail",firstcry,0,2026-05-19T18:08:01.998468+00:00
c5c82c3c-0c8e-40ff-b99e-9c51d1d3af1d,"https://www.firstcry.com/get-it/get-it-100-cotton-multi-use-wedge-pregnancy-pillow-with-quilted-cover-removable-cover-with-zip-apple-green/1039325/product-detail",firstcry,0,2026-05-19T18:08:01.998468+00:00
09e17b85-02f0-49f4-ae33-fbbd4284ca7d,"https://www.firstcry.com/get-it/get-it-100-cotton-j-shape-premium-maternity-pillow-removable-cover-with-zip-royal-blue/11261903/product-detail",firstcry,0,2026-05-19T18:08:01.998468+00:00
24055d6e-6e2e-42f0-9bc3-ec8e4380bad8,"https://www.firstcry.com/get-it/get-it-half-moon-orthopedic-pillow-reduced-stress-on-spine-neck-pain-relief-soft-velvet-orange/11261927/product-detail",firstcry,0,2026-05-19T18:08:01.998468+00:00
0973cfc5-03ca-4c41-b7a4-7a7589a385d9,"https://www.firstcry.com/get-it/get-it-premium-baby-nest-bed-pink/2189132/product-detail",firstcry,0,2026-05-19T18:08:02.224247+00:00
b83e035b-5410-4aa1-b6aa-2d8b4209ff04,"https://www.firstcry.com/get-it/get-it-100-cotton-wedge-pregnancy-pillow-with-quilted-cover-removable-cover-with-zip-purple/1417810/product-detail",firstcry,0,2026-05-19T18:08:02.224247+00:00
dbfd74e1-df2d-4f9d-a808-d559cdef47f2,"https://www.firstcry.com/get-it/get-it-organic-cotton-head-shaping-pillow-for-infants-and-toddlers-heart-print-blue-heart/11261915/product-detail",firstcry,0,2026-05-19T18:08:01.998468+00:00
009edf2d-020d-45bb-abf3-40c03ab13bd5,"https://www.firstcry.com/get-it/get-it-double-heart-shape-anti-roll-baby-side-pillow-red/2822773/product-detail",firstcry,0,2026-05-19T18:08:02.224247+00:00
513e2a6c-51d5-44b9-9fd6-3f4c9da236b7,"https://www.firstcry.com/get-it/get-it-100-cotton-baby-head-shaping-recron-pillow-with-side-frill-desgin-and-desgnied-for-comfort-new-born-head-yellow/2822759/product-detail",firstcry,0,2026-05-19T18:08:02.224247+00:00
b81e4597-880a-4598-81dd-1e59b403bdaf,"https://www.firstcry.com/get-it/get-it-100-cotton-baby-head-shaping-recron-pillow-with-two-bolsters-with-side-frill-desgin-and-desgnied-for-comfort-new-born-head-blue/2822766/product-detail",firstcry,0,2026-05-19T18:08:02.224247+00:00
941ccf6b-47ef-4174-b0c4-e07c0cdbc985,"https://www.firstcry.com/get-it/get-it-100-cotton-u-shape-maternity-pillow-removable-cover-with-zip-orange/1417808/product-detail",firstcry,0,2026-05-19T18:08:02.224247+00:00
cb71de95-d0b1-4fc9-9b94-eef67483177c,"https://www.firstcry.com/get-it/get-it-100-cotton-breast-feeding-recron-leaf-print-pillow-removable-cover-with-zip-buckle-adjust-nursing-orange-leaf-print/11261924/product-detail",firstcry,0,2026-05-19T18:08:01.998468+00:00
8b010bfd-3a0e-4059-a70d-dba3bdd44f80,"https://www.firstcry.com/get-it/get-it-snoogle-pregnancy-pillow-peach/1417809/product-detail",firstcry,0,2026-05-19T18:08:02.224247+00:00
d0f572e0-baef-4fa4-8655-0361de582786,"https://www.firstcry.com/get-it/get-it-double-heart-shape-anti-roll-baby-side-pillow-purple/2822772/product-detail",firstcry,0,2026-05-19T18:08:02.224247+00:00
3f40e1c0-13b2-4e65-9963-c3405178ea13,"https://www.firstcry.com/get-it/get-it-100-cotton-j-shape-premium-maternity-pillow-removable-cover-with-zip-baby-pink/11261905/product-detail",firstcry,0,2026-05-19T18:08:02.224247+00:00
98cdb8b1-c91d-4f3c-9dac-21cab66a93a5,"https://www.firstcry.com/get-it/get-it-100-cotton-c-shape-maternity-pillow-removable-cover-with-zip-apple-green/11261910/product-detail",firstcry,0,2026-05-19T18:08:01.998468+00:00
248db204-c2ea-4e85-a57b-0531bde1a411,"https://www.firstcry.com/get-it/get-it-full-body-u-shape-pregnancy-pillow-red/2189127/product-detail",firstcry,0,2026-05-19T18:08:02.224247+00:00
60303608-d1e7-4bd8-b631-1186d87d4f45,"https://www.firstcry.com/get-it/get-it-100-cotton-extra-large-breast-feeding-recron-pillow-removable-cover-with-zip-buckle-adjust-nursing-red-beige/1507114/product-detail",firstcry,0,2026-05-19T18:08:02.224247+00:00
1816905f-8fa8-4c5f-bd5e-962f2daa72db,"https://www.firstcry.com/get-it/get-it-100-cotton-baby-head-shaping-recron-pillow-with-side-frill-desgin-and-desgnied-for-comfort-new-born-head-red/2822761/product-detail",firstcry,0,2026-05-19T18:08:02.224247+00:00
9e19fe22-28eb-4d03-8c3f-747e003558f7,"https://www.firstcry.com/get-it/get-it-100-cotton-breast-feeding-recron-pillow-removable-cover-with-zip-buckle-adjust-nursing-red-beige/2822740/product-detail",firstcry,0,2026-05-19T18:08:02.224247+00:00
4325b08f-591d-434b-8ae6-8e3d54414857,"https://www.firstcry.com/get-it/get-it-100-cotton-c-shape-maternity-pillow-removable-cover-with-zip-pink/766809/product-detail",firstcry,0,2026-05-19T18:08:02.224247+00:00
150ca152-f64b-4f2c-86db-64ccc69555b5,"https://www.firstcry.com/get-it/get-it-100-cotton-u-shape-maternity-pillow-removable-cover-with-zip-cryan-blue/2189128/product-detail",firstcry,0,2026-05-19T18:08:02.224247+00:00
a3b9682a-a979-407c-b8e3-4dab4d372227,"https://www.firstcry.com/get-it/get-it-memory-foam-head-shaping-pillow-pink/2822767/product-detail",firstcry,0,2026-05-19T18:08:02.224247+00:00
f9ccdad2-d961-4f00-b8da-8b496928a862,"https://www.firstcry.com/get-it/get-it-reversible-baby-nest-sleeping-bed-red-cream/1507111/product-detail",firstcry,0,2026-05-19T18:08:02.224247+00:00
7d187dea-9812-4183-99f3-b8d3186eeefe,"https://www.firstcry.com/get-it/get-it-full-body-c-shaped-pregnancy-pillow-blue/2189130/product-detail",firstcry,0,2026-05-19T18:08:02.224247+00:00
ab6c63ae-a8df-41db-be20-d74933dbf9d2,"404-9378143-5390747",amazon,0,2026-05-24T14:42:38.148+00:00
fb48f00e-ec50-4ae1-b82d-07eae611af19,"407-6124529-1593157",amazon,0,2026-05-24T14:42:38.148+00:00
2d3861ba-a2fc-4def-a2d9-28a22d4722b0,"408-5120909-9598704",amazon,0,2026-05-24T14:42:38.151+00:00
6f1d032c-af25-4f91-805f-67e6a1c4b46d,"408-1820611-7164312",amazon,0,2026-05-24T14:42:38.151+00:00
076dcfb1-2c39-4070-9beb-ef2202d01a6f,"408-4776775-3332346",amazon,0,2026-05-24T14:42:38.151+00:00
1f1a6573-f8a2-49b4-a6d0-e18987b00684,"408-5029268-3640334",amazon,0,2026-05-24T14:42:38.151+00:00
a4798932-6201-44dc-a8c2-e61687754293,"404-7982342-6939561",amazon,0,2026-05-24T14:42:38.151+00:00
a23872b0-3959-4147-b4ae-f03a6ba8509a,"403-0607152-9228319",amazon,0,2026-05-24T14:42:38.151+00:00
52a1d203-5a26-4a75-92ca-1bc188c73ef7,"403-0809232-1669114",amazon,0,2026-05-24T14:42:38.152+00:00
97887e86-ea8e-45a8-b855-d829ac0165b6,"408-7924825-0852334",amazon,0,2026-05-24T14:42:38.152+00:00
71338996-a94f-4fe4-aa53-6181ba62d4dd,"403-9089217-3142747",amazon,0,2026-05-24T14:42:38.152+00:00
557f0d95-8050-4e2f-91ac-81373b455cd2,"408-0441844-1777901",amazon,0,2026-05-24T14:42:38.152+00:00
b8f75713-043b-46fd-a4ed-e9643cde9031,"408-7640525-5661901",amazon,0,2026-05-24T14:43:04.234+00:00
da5bca64-d7b5-4dc7-b4f1-ef0e7534ac79,"405-1995394-9483516",amazon,0,2026-05-24T14:43:04.234+00:00
940675e3-5f18-49de-af5a-775db2bb1a47,"171-7065833-8945911",amazon,0,2026-05-24T14:43:04.235+00:00
974242ba-9d9b-4d71-819a-788f566cc1c4,"405-3500691-5955547",amazon,0,2026-05-24T14:43:04.234+00:00
b1d4d616-4f5a-4fe7-8bce-a9c31b256bdd,"403-3909418-1902715",amazon,0,2026-05-24T14:43:04.235+00:00
c2820d70-48b6-44a8-ae1f-9285ad5ddad2,"408-2301186-2646717",amazon,0,2026-05-24T14:43:04.234+00:00
a7caa15e-8429-48ca-8c4b-d7510af6d4b4,"404-8455229-2429135",amazon,0,2026-05-24T14:43:04.234+00:00
b5294003-bd6d-464d-ae4a-d3afb3753fdb,"171-2502109-8253915",amazon,0,2026-05-24T14:43:04.234+00:00
95d79b5f-e7f0-4c8f-a9ec-effc740022d9,"407-2704322-2545907",amazon,0,2026-05-24T14:42:38.852+00:00
4beddec6-eba4-4cd0-86a5-3b543a354304,"408-2231506-0333144",amazon,0,2026-05-24T14:42:38.852+00:00
8f23883f-4c9d-4aab-b70e-aaec816fbcdd,"171-1462452-5265936",amazon,0,2026-05-24T14:42:38.853+00:00
a4067180-b02b-4d2a-8ca3-344c9c0891a9,"408-8734648-3592321",amazon,0,2026-05-24T14:42:38.853+00:00
3fe14af3-fbc3-47bd-8e48-8fe1b2840085,"404-5290826-9411543",amazon,0,2026-05-24T14:42:38.854+00:00
9798d4fa-b930-484b-bad0-577b30fee171,"404-3357228-0157929",amazon,0,2026-05-24T14:42:38.854+00:00
1dabf769-88b9-468c-87c4-72cceb5062ad,"406-6660753-4257161",amazon,0,2026-05-24T14:43:03.41+00:00
5eb37584-1b4a-4d64-a49b-bba4d97ecfb7,"404-7635355-4125166",amazon,0,2026-05-24T14:43:03.41+00:00
073d16cc-b118-43b2-a529-4056d8e7cf91,"https://www.firstcry.com/get-it/get-it-pregnancy-pillow-long-pink/2822754/product-detail",firstcry,0,2026-05-19T18:08:02.224247+00:00
00235dd8-2ff2-41ec-ae48-3d5743357c36,"https://www.firstcry.com/get-it/get-it-double-heart-shape-anti-roll-baby-side-pillow-pink/2822771/product-detail",firstcry,0,2026-05-19T18:08:02.224247+00:00
b10abe87-cacc-4afe-8014-18b1cb9783a2,"https://www.firstcry.com/get-it/get-it-100-cotton-breast-feeding-recron-pillow-removable-cover-with-zip-buckle-adjust-nursing-cryan-blue/2822741/product-detail",firstcry,0,2026-05-19T18:08:02.224247+00:00
979cbca2-fb54-4296-89f9-e9d4c5767403,"https://www.firstcry.com/get-it/get-it-100-cotton-extra-large-breast-feeding-withfrill-recron-pillow-removable-cover-with-zip-buckle-adjust-nursing-cryan-blue-beige/2001438/product-detail",firstcry,0,2026-05-19T18:08:02.224247+00:00
34d0e325-9a89-4b73-abf9-cfe075386704,"405-5610033-5006722",amazon,0,2026-05-24T14:43:03.674+00:00
0cc39e54-2d38-44a4-956f-f6e14ef055c0,"408-3617608-2253935",amazon,0,2026-05-24T14:43:03.674+00:00
000ef87a-b420-43fa-996a-b7a3a54dea4e,"https://www.firstcry.com/get-it/get-it-100-cotton-breast-feeding-recron-star-print-pillow-removable-cover-with-zip-buckle-adjust-nursing-blue-star/8587981/product-detail",firstcry,0,2026-05-19T18:08:02.224247+00:00
8861f0a4-d133-4549-af20-276c41275fca,"https://www.firstcry.com/get-it/get-it-pregnancy-pillow-long-red/2822755/product-detail",firstcry,0,2026-05-19T18:08:02.224247+00:00
7f610354-cce0-410b-b7d4-22de7b9fbdef,"https://www.firstcry.com/get-it/get-it-extra-large-breastfeeding-100-cotton-recron-pillow-removable-cover-with-zip-buckle-adjust-breastfeeding-pillow-grey-plain/14134981/product-detail",firstcry,0,2026-05-19T18:08:02.224247+00:00
3f21f749-37ac-463a-bb1d-1d26a14bc0db,"https://www.firstcry.com/get-it/get-it-100-cotton-breast-feeding-recron-star-print-pillow-removable-cover-with-zip-buckle-adjust-nursing-pink-star/8587982/product-detail",firstcry,0,2026-05-19T18:08:02.224247+00:00
94b0f8ce-c76e-46be-bfea-aad7ea4ff8d6,"https://www.firstcry.com/get-it/get-it-premium-2-in-1-model-100-cotton-extra-large-breastfeeding-100-cotton-recron-pillow-removable-cover-with-zip-buckle-adjust-breastfeeding-pillow-grey-dry-sheet/14134978/product-detail",firstcry,0,2026-05-19T18:08:02.224247+00:00
a098df7f-dd77-4b7f-a48f-9db674368273,"https://www.firstcry.com/get-it/get-it-100-cotton-breast-feeding-recron-pillow-removable-cover-with-zip-buckle-adjust-nursing-dark-pink-and-beige/2822744/product-detail",firstcry,0,2026-05-19T18:08:02.224247+00:00
10419c6c-1ba9-4563-a431-5505ceeb5711,"https://www.firstcry.com/get-it/get-it-premium-2-in-1-model-100-cotton-extra-large-breastfeeding-recron-pillow-removable-cover-with-zip-buckle-adjust-navy-blue-print-v-model/17729911/product-detail",firstcry,0,2026-05-19T18:08:02.224247+00:00
aac3ac59-b651-4c4c-9e7e-d4e00e96bcd1,"https://www.firstcry.com/get-it/get-it-premium-2-in-1-model-100-cotton-extra-large-breastfeeding-100-cotton-recron-pillow-removable-cover-with-zip-buckle-adjust-breastfeeding-pillow-micky-white/14134979/product-detail",firstcry,0,2026-05-19T18:08:02.224247+00:00
d1f963e8-3402-44d9-9e2e-f173487cc2b2,"https://www.firstcry.com/get-it/get-it-premium-2-in-1-model-100-cotton-extra-large-breastfeeding-recron-pillow-removable-cover-with-zip-buckle-adjust-one-side-dry-sheet-grey-navy-blue-print/17729910/product-detail",firstcry,0,2026-05-19T18:08:02.224247+00:00
0406b667-029d-4a6d-ba54-54e501477a51,"405-1807920-7044336",amazon,0,2026-05-24T14:43:02.608+00:00
ac8d3623-846d-47c9-9270-1e7c19344948,"404-1351615-6313149",amazon,0,2026-05-24T14:43:02.607+00:00
e65feb36-bcf4-4a43-925b-5a682210516b,"408-0891690-6345105",amazon,0,2026-05-24T14:43:02.608+00:00
0fe0b35b-aa35-4ccf-a049-2bb6e7c7d3c2,"403-3507641-3858733",amazon,0,2026-05-24T14:43:02.608+00:00
b2b4a766-2bb5-4c61-a2df-6ac6204017ef,"406-1983812-6458726",amazon,0,2026-05-24T14:43:02.608+00:00
29d1aee1-a281-4a67-a4b8-506b3b89d910,"408-4867270-5669131",amazon,0,2026-05-24T14:43:02.608+00:00
7d74679c-e094-4fa5-b587-ef18982f66c3,"408-1867299-2425936",amazon,0,2026-05-24T14:43:02.609+00:00
189815db-788f-4022-8736-7e2b09541f9b,"408-2670294-6401968",amazon,0,2026-05-24T14:43:02.609+00:00
4518129a-7374-4f61-8951-d5e422c03683,"408-4459589-8317137",amazon,0,2026-05-24T14:43:02.609+00:00
ae2c9815-1694-4984-951f-3aac2ce8209b,"403-3167537-7111546",amazon,0,2026-05-24T14:43:02.609+00:00
ab5d1ee8-d42c-4907-9296-185ad4ff159d,"407-4246649-8482719",amazon,0,2026-05-24T14:43:02.609+00:00
7e529d0d-2052-4456-879e-47383ff44264,"171-5888536-5831510",amazon,0,2026-05-24T14:43:02.609+00:00
84ca8b4a-081d-46c6-9d74-c7b1f1d1eb73,"403-2521880-1612359",amazon,0,2026-05-24T14:43:02.609+00:00
033ccfed-ac2b-4dcf-93b5-46d54e81b64d,"404-7304364-4382729",amazon,0,2026-05-24T14:43:02.61+00:00
a4df555f-4712-47fc-b4a6-fcd09dae10ce,"171-9696104-8265138",amazon,0,2026-05-24T14:43:02.61+00:00
3bbb9fff-31f9-49dd-a0c2-12ee976bb7e8,"405-1147339-6362763",amazon,0,2026-05-24T14:43:02.609+00:00
aba9a766-6e07-43ef-a20a-f0e6b07995ef,"171-8783016-1460358",amazon,0,2026-05-24T14:43:02.61+00:00
c387170b-dd20-43a9-a267-092a688da1ee,"403-3089088-7523537",amazon,0,2026-05-24T14:43:02.609+00:00
e2fc17dd-1bf2-446b-b655-5c79f695faaf,"406-9546990-4320345",amazon,0,2026-05-24T14:43:04.225+00:00
0d99f347-b313-4b29-8bf1-cad474c8e216,"408-6513336-2585149",amazon,0,2026-05-24T14:43:04.225+00:00
17bdd792-e486-49f1-9b55-469f175a95ce,"407-1178092-1966765",amazon,0,2026-05-24T14:43:02.61+00:00
2ec9eb3d-5284-4c3b-9ea1-7637a62d1d09,"407-3064135-6986727",amazon,0,2026-05-24T14:43:02.611+00:00
0f7a9612-1770-4516-943a-e75c99cdaa73,"403-0659229-4907514",amazon,0,2026-05-24T14:43:02.611+00:00
3a08c4d9-b981-497f-9668-f1e1353fc833,"408-8314585-3949141",amazon,0,2026-05-24T14:43:02.612+00:00
ea930a0d-4c95-4d25-8336-c620c758cba2,"408-2580392-8839526",amazon,0,2026-05-24T14:43:02.611+00:00
ac2d7d3f-2cf6-4661-beee-257229dad1a6,"408-2909330-6113136",amazon,0,2026-05-24T14:43:02.612+00:00
7dd8c4d5-60ee-42a5-9ecf-3149288c4da4,"402-9478336-8436303",amazon,0,2026-05-24T14:43:04.228+00:00
b707b77a-e2ad-4148-80d6-0b3070460531,"404-5464754-7981112",amazon,0,2026-05-24T14:43:02.612+00:00
7d14bc99-9183-4e80-8ec8-eeaaea5e85fd,"171-8923819-9745117",amazon,0,2026-05-24T14:43:04.228+00:00
33485f01-abd8-4fee-8809-61507278260e,"405-1290957-3909147",amazon,0,2026-05-24T14:43:04.228+00:00
e5991309-11e6-4323-a197-5d508762120c,"402-1349393-4203523",amazon,0,2026-05-24T14:43:02.612+00:00
c2973280-becb-46e5-89e2-37d551d2ae8e,"406-1042786-5347520",amazon,0,2026-05-24T14:43:02.612+00:00
ef013da8-e6cf-46b4-a258-554d119538b8,"404-5486754-4829934",amazon,0,2026-05-24T14:43:02.613+00:00
c6ec8546-c571-44c3-8b92-6b3b949d079a,"405-8370272-4193949",amazon,0,2026-05-24T14:43:02.612+00:00
e1bc9664-4b56-4697-9b65-02e0a7fd69e4,"408-8129217-4711515",amazon,0,2026-05-24T14:43:02.612+00:00
6f2ca45f-f5dc-4241-a83b-c152a3ace1e6,"408-5662245-8043528",amazon,0,2026-05-24T14:43:02.613+00:00
d818be4f-64fb-4e2b-a4f0-1854fd7a7015,"408-7240509-2584366",amazon,0,2026-05-24T14:43:02.613+00:00
29689ff3-1881-4f8b-8d4f-17c79bd8a3f0,"404-6991320-4293927",amazon,0,2026-05-24T14:43:02.613+00:00
1f3af6ad-ea8a-41b6-a9ac-06ee1866712e,"406-2440367-9761149",amazon,0,2026-05-24T14:43:02.613+00:00
3b08fe66-833a-47c8-bec5-891415313443,"403-2737418-3308355",amazon,0,2026-05-24T14:43:02.613+00:00
994b3b66-3f2b-4811-8cbe-f004038f8eff,"404-1230636-5963515",amazon,0,2026-05-24T14:43:02.613+00:00
5ba383e2-5b00-4119-82c1-3268ddb5e856,"408-5963229-9547520",amazon,0,2026-05-24T14:43:02.613+00:00
242ace07-d792-4f96-ab07-4e7bad4ac342,"405-1337042-2601166",amazon,0,2026-05-24T14:43:02.613+00:00
404ed8b7-2bd1-46fc-a90f-22f473dfec1c,"171-8441333-4987517",amazon,0,2026-05-24T14:43:04.231+00:00
2eb5d6b2-8680-4657-9926-8a756bb74192,"408-1743994-5517113",amazon,0,2026-05-24T14:43:04.231+00:00
6dd81d89-1bc2-4400-b83d-a74657c786a3,"407-9845583-3665910",amazon,0,2026-05-24T14:43:04.231+00:00
213813a2-2461-4ea0-aa40-91e0b73ef025,"403-9422252-3611531",amazon,0,2026-05-24T14:43:03.411+00:00
c0fe1504-0088-43c7-8dfd-fd935530eddf,"408-7226142-6782748",amazon,0,2026-05-24T14:43:03.411+00:00
27c9ed56-9f5b-466e-a334-7d9513d30892,"403-0739657-0786765",amazon,0,2026-05-24T14:43:03.411+00:00
2d278095-d182-4490-809a-0b056a85c0ef,"402-4878164-5229928",amazon,0,2026-05-24T14:43:03.411+00:00
0c0ee216-035a-45a7-8f43-5f9fc5f1d304,"402-0367248-6511540",amazon,0,2026-05-24T14:43:03.411+00:00
415ec78b-b6c4-458c-a4fb-d303a282ba75,"402-4376012-9283553",amazon,0,2026-05-24T14:43:03.411+00:00
52b57a24-623b-47a4-8281-a0dc201d3925,"403-3921218-9669959",amazon,0,2026-05-24T14:43:03.411+00:00
ede9303a-7615-469b-9d5b-7dd5a590d124,"408-0968238-1429935",amazon,0,2026-05-24T14:43:03.675+00:00
8a28acc1-dc5f-4d11-87c2-6d1ae30256fe,"405-7322039-4451531",amazon,0,2026-05-24T14:43:03.675+00:00
2f7df772-cf77-41b6-b21c-e6569027d59d,"408-8563025-7510723",amazon,0,2026-05-24T14:43:03.675+00:00
3af9be59-50da-4b48-9ab3-eff149ef2f77,"403-4821526-5459519",amazon,0,2026-05-24T14:43:03.676+00:00
3e61e628-5f79-40dd-8b48-0e0031eb0900,"403-2170794-7322707",amazon,0,2026-05-24T14:43:03.676+00:00
0caa441e-3397-4dac-8754-cb941b3696da,"408-2943297-5229953",amazon,0,2026-05-24T14:43:03.676+00:00
52a772cb-c605-4269-b6e7-912898baefad,"408-9651839-5898732",amazon,0,2026-05-24T14:43:03.676+00:00
f0fd12fb-36c9-4b04-96fa-679b50034be2,"403-5123943-3217957",amazon,0,2026-05-24T14:43:03.677+00:00
31c54faa-2b77-40c7-b61f-8c8eeb0e1d28,"406-7160668-1815543",amazon,0,2026-05-24T14:43:03.677+00:00
e6dcc0d2-ae60-44b4-b5ed-ecb17815ec38,"407-0428538-4817900",amazon,0,2026-05-24T14:43:03.678+00:00
bfef3ea2-2d6c-43ee-b37e-a16e5adde368,"408-7874518-5827551",amazon,0,2026-05-24T14:43:03.677+00:00
f0f85527-6471-4205-adc0-39d2cb277be3,"408-6036561-4682747",amazon,0,2026-05-24T14:43:03.678+00:00
df1361fd-e13b-4057-bf64-2a157bff0f80,"407-1111101-0658731",amazon,0,2026-05-24T14:43:03.678+00:00
bcb44bbb-3d7c-4ee9-acc7-9de72d428fc7,"402-5651749-9140337",amazon,0,2026-05-24T14:43:03.679+00:00
1db2e4c0-11f1-4857-91ac-c8c90e5d4f65,"408-9009421-3928312",amazon,0,2026-05-24T14:43:03.679+00:00
324c0004-7239-497c-ba91-86d00eb9125f,"403-3502946-9848319",amazon,0,2026-05-24T14:43:03.679+00:00
a0404425-09c4-4df5-9954-a4fbecda76f5,"405-9409366-9100367",amazon,0,2026-05-24T14:43:03.679+00:00
ae049cc8-4eac-4f23-a941-629e88123981,"408-1779483-8905950",amazon,0,2026-05-24T14:43:03.679+00:00
6b403ace-fa7a-4746-b604-4bce16df53d0,"171-2607015-3781944",amazon,0,2026-05-24T14:43:03.68+00:00
84445252-9af5-47a4-9730-83ea08fbc166,"402-5393783-5409941",amazon,0,2026-05-24T14:43:03.68+00:00
b7355077-141e-44b3-9e66-a2d7df3343fd,"408-7307753-6258707",amazon,0,2026-05-24T14:43:03.68+00:00
e7d977ed-3de5-42b3-9568-ae62af383067,"406-4052909-0304343",amazon,0,2026-05-24T14:43:03.68+00:00
5a6c0645-e12f-4b27-a14e-8d600b0ede12,"408-1502462-0180307",amazon,0,2026-05-24T14:43:03.681+00:00
6b29594b-9f6b-4631-9e19-256c512bfecb,"171-2772779-1039506",amazon,0,2026-05-24T14:43:03.681+00:00
3afd8533-9b14-49af-989b-6f9d8bae4239,"406-3810465-2572358",amazon,0,2026-05-24T14:43:03.681+00:00
badf557e-ff43-40fb-b889-308c6db13fc3,"405-6642310-3879567",amazon,0,2026-05-24T14:43:03.681+00:00
c5bd9ee6-09f6-422d-b7f2-56d25b789cc6,"408-0812948-7215545",amazon,0,2026-05-24T14:43:03.681+00:00
3d028db5-fa72-486d-9501-7c023392e59d,"405-3774844-1656349",amazon,0,2026-05-24T14:43:03.681+00:00
1cda8e20-788d-4eba-a15d-3ad043d7911c,"171-2777798-1205154",amazon,0,2026-05-24T14:43:03.681+00:00
0b59ff52-7d02-460c-8481-d86f5782440d,"408-3871660-2924302",amazon,0,2026-05-24T14:43:03.681+00:00
a6a6ed47-8c36-4e30-9cd1-5e7981874f3c,"402-5515046-1929961",amazon,0,2026-05-24T14:43:03.681+00:00
0d350329-8bb0-43f5-98e2-d64eefd740c6,"405-0651700-2697944",amazon,0,2026-05-24T14:43:03.681+00:00
bcb7afad-2269-4982-9a24-92321cf23de8,"402-3376074-4631502",amazon,0,2026-05-24T14:43:03.682+00:00
09e76fe2-af4b-425a-8c6b-4bc78a5d5469,"408-7568015-9539555",amazon,0,2026-05-24T14:43:03.682+00:00
4fdfa80c-10ad-4243-b5fe-c321b10ccf42,"171-3611038-8357912",amazon,0,2026-05-24T14:43:04.226+00:00
518003ae-1898-4a6c-a88e-d78f9e34863f,"408-7839551-9785965",amazon,0,2026-05-24T14:43:04.226+00:00
6f00ae94-62b4-4ae5-a548-b3db86eae1d3,"405-2425920-2224359",amazon,0,2026-05-24T14:43:04.226+00:00
4ec97345-cbc2-4d2c-99d5-b02ce3573e32,"408-8543027-4536330",amazon,0,2026-05-24T14:43:04.226+00:00
4f49cd6c-038f-41ed-a246-4ca5e63271e4,"402-9210246-1590731",amazon,0,2026-05-24T14:43:04.227+00:00
b6d4e44a-5b96-4810-9a5b-2cfd314817d9,"407-1868095-0077106",amazon,0,2026-05-24T14:43:04.227+00:00
f5dc6a27-692b-4696-b424-008db83acb1d,"402-5297587-9360303",amazon,0,2026-05-24T14:43:04.227+00:00
2c7534dd-a7de-4597-9550-b21de3f07df8,"408-3645508-9512352",amazon,0,2026-05-24T14:43:04.227+00:00
1bc3d19d-d45b-4564-adf4-35f2d857b29f,"408-6929954-4318700",amazon,0,2026-05-24T14:43:04.228+00:00
b474d4bd-900e-4cbe-837a-8550be0b3ba3,"403-0792386-2018701",amazon,0,2026-05-24T14:43:04.229+00:00
eb0ee1a0-15d8-41eb-aee3-f22f464e2c4f,"404-7297855-7076306",amazon,0,2026-05-24T14:43:04.23+00:00
599a2c0d-5306-4b4b-8a81-564586555cdc,"171-9024840-1889157",amazon,0,2026-05-24T14:43:04.23+00:00
adf3cd32-539b-4276-840f-68d45d8148a3,"404-4064535-3361940",amazon,0,2026-05-24T14:43:04.23+00:00
22088a79-80be-45c5-a6ee-3406d9237abd,"408-8413136-9809139",amazon,0,2026-05-24T14:43:04.23+00:00
74c3c663-fcde-4fd8-bf76-1da95247a2bc,"408-0932276-3467529",amazon,0,2026-05-24T14:43:04.232+00:00
0bb3f108-3dd1-459e-88bf-f550763fcc49,"408-0881126-2053917",amazon,0,2026-05-24T14:43:04.232+00:00
8a6381f9-48e5-429d-97a2-2d8e04f274d5,"https://www.firstcry.com/get-it/get-it-100-cotton-multi-use-wedge-pregnancy-pillow-with-extra-inner-removable-cover-with-zip-mickey-print-wedge/14134974/product-detail",firstcry,0,2026-05-19T18:08:01.998468+00:00
e0737afb-765a-406c-8c13-c31d02d22716,"https://www.firstcry.com/get-it/get-it-100-cotton-multi-use-wedge-pregnancy-pillow-with-extra-inner-removable-cover-with-zip-maroon-wedge/14134977/product-detail",firstcry,0,2026-05-19T18:08:01.998468+00:00
aee8041e-4685-4a48-a76b-d7245cfd0a15,"https://www.firstcry.com/get-it/get-it-100-cotton-breast-feeding-recron-pillow-removable-cover-with-zip-buckle-adjust-nursing-purple-beige/2822742/product-detail",firstcry,0,2026-05-19T18:08:01.998468+00:00
52ec17b8-be39-4b86-9182-7e8f8de7bd96,"404-8576123-4602761",amazon,0,2026-05-24T14:42:38.148+00:00
9b779123-583e-49ba-b964-9431c2d03a94,"408-6735181-8277121",amazon,0,2026-05-24T14:43:02.612+00:00
0572a997-8dd4-4b84-8f85-accb86ef2072,"408-8699947-2401117",amazon,0,2026-05-24T14:42:38.852+00:00
305259cb-afbf-4524-a936-733ee8b22964,"408-3042584-1033123",amazon,0,2026-05-24T14:42:38.852+00:00
7d6a15b9-049e-4b6e-acc3-30f8135712c1,"407-5036883-2113905",amazon,0,2026-05-24T14:42:38.853+00:00
0a689858-dc93-4df2-97f3-538d3264de65,"408-2751339-4173119",amazon,0,2026-05-24T14:42:38.853+00:00
833b0006-6f3b-4e78-aa98-415ee3629739,"404-7969959-2081910",amazon,0,2026-05-24T14:42:38.854+00:00
5c956f40-4fdf-4ab3-9d32-2e1f5438dd3d,"171-7273582-2590736",amazon,0,2026-05-24T14:42:38.854+00:00
073eb378-f110-4b34-8905-cd9eb7bb91bb,"404-9144477-6325136",amazon,0,2026-05-24T14:43:03.41+00:00
41eae5ff-30e2-4fc7-9a4d-6a250ab8127c,"404-4357986-7250746",amazon,0,2026-05-24T14:43:03.41+00:00
5d96e5e2-261a-4954-956a-32625c18de4e,"https://www.firstcry.com/get-it/get-it-100-cotton-u-shape-maternity-pillow-removable-cover-with-zip-pink/766810/product-detail",firstcry,0,2026-05-19T18:08:02.224247+00:00
47d648ca-8356-4720-8b03-5e0a054289d0,"https://www.firstcry.com/get-it/get-it-pregnancy-pillow-long-purple/2822756/product-detail",firstcry,0,2026-05-19T18:08:02.224247+00:00
9b31b5e5-8721-4c7c-8daf-75d5fed6adcd,"402-5736011-4314756",amazon,0,2026-05-24T14:43:02.609+00:00
b229982f-bd9a-42b3-8d89-38a3cba66b15,"405-7544298-4961143",amazon,0,2026-05-24T14:43:02.608+00:00
d9fa9669-5ded-480a-b465-a64522c4d1dc,"408-8956499-8645156",amazon,0,2026-05-24T14:43:02.608+00:00
f3264eb1-d336-48ad-a0c6-23bac2157275,"408-8650191-4252331",amazon,0,2026-05-24T14:43:02.609+00:00
12e91f8d-4a41-4745-b41e-bee6f48c0507,"407-1567902-3756324",amazon,0,2026-05-24T14:43:02.609+00:00
5a340bd2-522f-416d-8b8f-963b41bf3418,"407-1091319-2404351",amazon,0,2026-05-24T14:43:02.609+00:00
720eecd9-3515-406b-b356-4f067c2a2c6c,"171-6695884-6365910",amazon,0,2026-05-24T14:43:02.611+00:00
436ee877-3fad-4e35-9e29-48f9dd57bfc6,"408-0314933-5769944",amazon,0,2026-05-24T14:43:04.226+00:00
0c2ff455-2a4d-48ff-bebd-0b9a9f97bd44,"408-3896292-5709910",amazon,0,2026-05-24T14:43:02.61+00:00
e41b3165-ec08-406a-9145-3335ea254f53,"404-1187816-2768338",amazon,0,2026-05-24T14:43:02.61+00:00
34a0ad08-af67-4063-9c8a-b669d393fecf,"171-5621778-9033122",amazon,0,2026-05-24T14:43:02.611+00:00
a49e667c-75ad-4e1c-977c-0c9674f88aa6,"406-3617567-2850759",amazon,0,2026-05-24T14:43:02.61+00:00
1d173781-2e51-4f9d-b766-2bf417ff1f46,"405-0714953-3774750",amazon,0,2026-05-24T14:43:02.612+00:00
c39e1b3d-62a6-4571-9839-7ec7d9ff2209,"408-1104945-1153107",amazon,0,2026-05-24T14:43:02.613+00:00
8cd1b3c1-36a6-475f-981e-9bd2dc5869e6,"404-5449947-2253163",amazon,0,2026-05-24T14:43:02.613+00:00
93336c2d-c836-4e18-847c-4e9532d69af2,"405-1319466-7713156",amazon,0,2026-05-24T14:43:02.613+00:00
8f4a30bc-7fa5-43ef-91f4-9ec7c10fde23,"404-7738701-4007550",amazon,0,2026-05-24T14:43:04.231+00:00
4b920214-7ecb-4fb2-8a9e-46aecee784dc,"171-9202226-7127528",amazon,0,2026-05-24T14:43:03.411+00:00
cefee382-ec1d-4a00-8b9c-128a4e49d13c,"407-3051815-9949168",amazon,0,2026-05-24T14:43:03.411+00:00
b26f07c7-01b6-474a-afe8-e48408b3042f,"405-8065672-3881957",amazon,0,2026-05-24T14:43:03.675+00:00
05f561ea-fd60-43aa-b974-41da783ba38a,"402-7923042-5843527",amazon,0,2026-05-24T14:43:03.675+00:00
86aec5d8-1ea7-4e99-9594-c62044126a6f,"408-4404418-2641923",amazon,0,2026-05-24T14:43:03.675+00:00
a1b1527b-958e-4f5e-9e3e-d29f663fad6a,"403-8883283-6556339",amazon,0,2026-05-24T14:43:03.676+00:00
3d2e8a96-8797-4f2a-b3d7-9a8063988460,"406-1383367-1991566",amazon,0,2026-05-24T14:43:03.677+00:00
bc7a1350-e2fc-4574-89de-b4c983003325,"408-4697094-9579568",amazon,0,2026-05-24T14:43:03.678+00:00
f4e7bedc-632d-47c8-bb6b-0e3d619f08e8,"408-3474293-4174755",amazon,0,2026-05-24T14:43:03.678+00:00
7efc0c65-7cfb-414f-a467-335eb9bf6211,"402-3772124-5373928",amazon,0,2026-05-24T14:43:03.677+00:00
f504f47f-6d6f-43a9-b398-e0d75cb3d36f,"408-6033580-0607559",amazon,0,2026-05-24T14:43:03.678+00:00
83878534-942e-4c44-9cd8-34bc1d995f35,"408-4973425-1550740",amazon,0,2026-05-24T14:43:03.68+00:00
e672cb72-c82c-4afb-9d51-f228734a152c,"AUTO-FC-1779214073595-2",firstcry,0,2026-05-19T18:08:01.998468+00:00
a4d66604-2d37-4465-bbb8-bd45f2869f2b,"404-1834393-7320324",amazon,0,2026-05-24T14:42:38.148+00:00
81236acb-5daa-4567-a9cf-959fdba85584,"404-8913404-8569150",amazon,0,2026-05-24T14:42:38.855+00:00
14ce8391-68cd-4a5e-9173-ce31f155e107,"171-6440131-0022723",amazon,0,2026-05-24T14:42:38.855+00:00
b0f37be9-37f1-4bf3-bbad-b2c324cbf654,"404-1150671-4319510",amazon,0,2026-05-24T14:43:02.607+00:00
97a9a4d7-190d-4438-8d3c-5dc36f1ff5bc,"407-9229164-8019510",amazon,0,2026-05-24T14:43:02.609+00:00
c0ce6ca4-5d70-4812-a79c-e692488d3462,"405-6095930-6287501",amazon,0,2026-05-24T14:43:04.228+00:00
9a903f30-89b2-4dce-9372-f9916ae921f2,"171-3844268-5898720",amazon,0,2026-05-24T14:43:02.612+00:00
016d1209-4250-4fa3-a7a9-806e8b24eab4,"171-4694748-2393934",amazon,0,2026-05-24T14:43:03.681+00:00
6eeafaf5-f7b1-4f52-a9be-ac93ed4b5bb7,"405-7298457-2610744",amazon,0,2026-05-24T14:43:03.681+00:00
ae10e533-a46c-436f-8c9b-ea4851cd15cb,"408-8876239-1691560",amazon,0,2026-05-24T14:43:04.226+00:00
4d37ac10-6270-40b9-b62b-04709f62524b,"408-4886165-5993906",amazon,0,2026-05-24T14:43:04.229+00:00
24afe37f-1a35-49ca-a027-d083b0fce0bd,"408-4672793-5159537",amazon,0,2026-05-24T14:43:04.23+00:00
ab23e975-e860-4c72-99d8-7234826dc190,"https://www.firstcry.com/get-it/get-it-pink-window-hanging-cradle-stand-premium-strong-metal-and-100-baby-safety-stand-alone-pink-stand-alone/14134982/product-detail",firstcry,0,2026-05-19T18:08:01.998468+00:00
769bed6a-2280-42dc-8342-5113cf4cf888,"https://www.firstcry.com/get-it/get-it-organic-cotton-head-shaping-pillow-with-blooster-for-infants-and-toddlers-star-print-blue-star/11261918/product-detail",firstcry,0,2026-05-19T18:08:01.998468+00:00
ef82e223-9c43-4bcb-b19c-3f8e5b500089,"408-0029720-6490731",amazon,0,2026-05-24T14:42:38.143+00:00
f8af79c7-8a7a-4f2f-a040-f91a1d2d8210,"https://www.firstcry.com/get-it/get-it-100-cotton-extra-large-breast-foam-feeding-pillow-removable-cover-with-zip-buckle-adjust-nursing-pink-with-beige/2001441/product-detail",firstcry,0,2026-05-19T18:08:02.224247+00:00
32bc7f41-56b9-4798-9dbe-157c89c7c6aa,"405-5211840-1849906",amazon,0,2026-05-24T14:42:38.854+00:00
f50553fd-15df-466c-b143-b48feef1fbab,"408-6027712-6842728",amazon,0,2026-05-24T14:42:38.854+00:00
69b35908-cf13-42cf-a332-eec1eb8fc2d2,"408-4348188-4515556",amazon,0,2026-05-24T14:43:02.608+00:00
e5bd8f71-991a-4dde-82e4-eab6b22ce6c4,"406-6750800-9365112",amazon,0,2026-05-24T14:43:02.609+00:00
1c362946-d59e-4fb4-94b9-a06ae8464804,"408-2513606-1860309",amazon,0,2026-05-24T14:43:04.225+00:00
3a3f6349-bc5c-4ae5-8652-43389cdade9c,"407-6619790-1871508",amazon,0,2026-05-24T14:43:02.609+00:00
1363bfa6-ee7c-4af4-a1b5-77fd70518944,"408-6561061-5715528",amazon,0,2026-05-24T14:43:02.612+00:00
8b45b145-6d93-4fcb-9647-df117ee62c9d,"404-5883797-7872301",amazon,0,2026-05-24T14:43:02.612+00:00
babda3fb-00bd-43ba-9782-8678b8d4749d,"404-4585182-8731544",amazon,0,2026-05-24T14:43:02.613+00:00
80ef4168-ba2e-4de2-aeb5-41964f7936ca,"407-1673648-5532365",amazon,0,2026-05-24T14:43:03.411+00:00
92cecc2b-5327-484d-82a9-8e64900cdd12,"405-7900780-0933114",amazon,0,2026-05-24T14:43:03.675+00:00
f4d89fc2-19d3-41ad-bd0d-ee54dc654964,"405-7404140-5638744",amazon,0,2026-05-24T14:43:03.677+00:00
bfa8841b-a9d9-463c-aa62-bdcbddd8c5d8,"403-4205573-3393946",amazon,0,2026-05-24T14:43:03.678+00:00
62c5c982-3b4a-43c3-818b-349337b8b663,"404-9211739-7325125",amazon,0,2026-05-24T14:43:03.679+00:00
151bc2ab-78f0-4c4d-8278-63f1e3b74e53,"408-9818769-0015536",amazon,0,2026-05-24T14:43:04.226+00:00
7c25d203-7736-43ff-9660-ec232edb0e76,"406-4332103-3867510",amazon,0,2026-05-24T14:43:04.227+00:00
bcda9ca9-45ee-43cc-8c8c-92922cae2691,"408-5693926-2049154",amazon,0,2026-05-24T14:43:04.23+00:00
7c473883-a46a-4565-b29a-fc247da51330,"408-2351144-8569919",amazon,0,2026-05-24T14:43:04.233+00:00
86c5e2b1-707b-4f69-9679-d0f3f628bf73,"https://www.firstcry.com/get-it/get-it-100-cotton-multi-use-wedge-pregnancy-pillow-with-extra-inner-removable-cover-with-zip-wedge-orange/14134976/product-detail",firstcry,0,2026-05-19T18:08:01.998468+00:00
032188fd-484b-4b8d-be73-65f594e419dd,"408-3052262-4753954",amazon,0,2026-05-24T14:42:38.151+00:00
6ca57f64-a4b3-444a-a155-92c645b1d01d,"403-7269386-7948336",amazon,0,2026-05-24T14:42:38.152+00:00
827f9cd7-5507-4512-98e1-2350c8d7b7a2,"https://www.firstcry.com/get-it/get-it-feeding-pillow-recron-pink/2001439/product-detail",firstcry,0,2026-05-19T18:08:02.224247+00:00
a97d1130-00bb-4564-9343-dd898ebffd76,"408-2501748-2739556",amazon,0,2026-05-24T14:42:38.852+00:00
87fa26d3-b8be-43bb-8bc1-79dd08327c83,"408-1315808-2781165",amazon,0,2026-05-24T14:43:02.61+00:00
93df129a-a634-47a3-af66-084fcc5b9636,"404-4897518-2165956",amazon,0,2026-05-24T14:43:02.611+00:00
156cc1d9-7ef8-4f26-8763-3c4a0b718c4e,"171-1907620-1807543",amazon,0,2026-05-24T14:43:02.613+00:00
5deed645-05ba-4a06-ba76-0ff892dee23d,"402-9380202-7742713",amazon,0,2026-05-24T14:43:04.231+00:00
a9b22cf6-dea4-43cb-ae8f-8f099d9617f9,"408-8226228-8298761",amazon,0,2026-05-24T14:43:03.675+00:00
521197ca-52f8-404a-93a8-ce33419a22ea,"408-1165740-7629114",amazon,0,2026-05-24T14:43:03.678+00:00
a3c7ca81-fa33-4662-9010-c64b88d7ed8e,"406-0303036-9850737",amazon,0,2026-05-24T14:43:03.68+00:00
fd6480bd-de79-4e6f-b264-56f9ac3e7892,"408-3189175-6885122",amazon,0,2026-05-24T14:43:04.227+00:00
9165078e-502d-4b4c-a949-344327494069,"408-7755311-8113144",amazon,0,2026-05-24T14:43:04.229+00:00
ad420605-3354-451c-8502-ca7438a628c8,"403-8548635-5925910",amazon,0,2026-05-24T14:43:04.23+00:00
f7bbb7c7-3a33-4212-a435-db714c4d2b5e,"https://www.firstcry.com/get-it/get-it-100-cotton-breast-feeding-recron-pillow-removable-cover-with-zip-buckle-adjust-nursing-purple/2822739/product-detail",firstcry,0,2026-05-19T18:08:01.998468+00:00
6d5c8083-c205-4b23-8c35-a8b009c03a14,"https://www.firstcry.com/get-it/get-it-organic-cotton-head-shaping-pillow-with-blooster-for-infants-and-toddlers-heart-print-blue-heart/11261919/product-detail",firstcry,0,2026-05-19T18:08:01.998468+00:00
e7ce7fcb-ea4d-4cf0-83ca-664cae380121,"405-1517511-4185117",amazon,0,2026-05-24T14:42:38.151+00:00
f80ddae8-719c-4323-b5c7-a0c5255aff42,"407-2474772-3429132",amazon,0,2026-05-24T14:42:38.151+00:00
beaacf6a-b25b-48e5-836d-c4166c7a019c,"405-7355589-7552356",amazon,0,2026-05-24T14:42:38.151+00:00
3c14dfb5-da5a-4ef6-ad73-45f808d37fcd,"171-3818422-9669956",amazon,0,2026-05-24T14:42:38.854+00:00
43d75099-5a0c-42a0-b53f-9126d73ca1cb,"171-0175039-3858733",amazon,0,2026-05-24T14:42:38.854+00:00
7ae6af8d-27b4-42c2-83e6-801176d20db1,"171-9836529-5676310",amazon,0,2026-05-24T14:43:02.608+00:00
86de9ea8-4bb8-4fcb-895f-5364e1d49000,"403-6479826-1877109",amazon,0,2026-05-24T14:43:02.608+00:00
b5d9fba4-733f-4375-85a4-64e03c91f32d,"405-9534438-1223531",amazon,0,2026-05-24T14:43:02.608+00:00
ff64328b-9207-48e7-a59a-467a084129e8,"406-0690081-0014707",amazon,0,2026-05-24T14:43:02.612+00:00
5bba01f4-894b-48f2-bf7e-8c8e483d87a8,"408-0774512-1100311",amazon,0,2026-05-24T14:43:02.612+00:00
ad604283-4866-4f25-93e9-214348f69d98,"403-5030923-5777143",amazon,0,2026-05-24T14:43:02.612+00:00
7db430b5-fa3b-4711-bcc8-e4e0889e9b23,"407-9242008-1653903",amazon,0,2026-05-24T14:43:04.231+00:00
6a755816-bb3f-4444-8f9f-66f7844f0751,"404-7295984-1653948",amazon,0,2026-05-24T14:43:03.677+00:00
8011e294-2072-47ac-8f4d-649f28cde625,"406-1269497-0529949",amazon,0,2026-05-24T14:43:03.68+00:00
8047dc8d-4030-4eb8-ac3b-be2e18423e26,"406-4646778-5877962",amazon,0,2026-05-24T14:43:03.68+00:00
d5c85b3c-54c5-40ba-865b-df9ad229fd18,"408-0267034-0766762",amazon,0,2026-05-24T14:43:03.681+00:00
f4af8188-c75a-4501-8cb7-aaaa45f4949d,"405-8093567-6313162",amazon,0,2026-05-24T14:43:03.681+00:00
503951fd-bab3-4e80-b8bf-e351e7e7fcfa,"408-6118341-7241920",amazon,0,2026-05-24T14:43:04.226+00:00
8fd15183-18ac-449e-adf7-5d4dba0f7829,"405-0343012-5581125",amazon,0,2026-05-24T14:43:04.227+00:00
1a28c93c-1615-4e98-9b63-a74430eb86b5,"408-3120141-1312330",amazon,0,2026-05-24T14:43:04.229+00:00
b6f6a441-2962-4dc6-a68f-3f3518c4ca64,"171-7359050-2269162",amazon,0,2026-05-24T14:43:04.23+00:00
4fc4bb50-6bac-4d4a-b783-203c50e5e362,"https://www.firstcry.com/get-it/get-it-100-cotton-breast-feeding-recron-pillow-removable-cover-with-zip-buckle-adjust-nursing-cryan-blue-and-beige/2822737/product-detail",firstcry,0,2026-05-19T18:08:01.998468+00:00
1685a9ad-01d8-43b8-b67b-2249ba6dcb7d,"403-7091791-9405138",amazon,0,2026-05-24T14:42:38.152+00:00
4bfc58ad-6159-46af-b70c-018754bd04cd,"402-2203410-2129963",amazon,0,2026-05-24T14:43:04.234+00:00
71727aeb-3e12-47ed-be22-997b95a9556d,"405-2545977-7773150",amazon,0,2026-05-24T14:43:03.41+00:00
70c94655-a171-4115-9a0f-f5056334802c,"407-3503923-1909942",amazon,0,2026-05-24T14:43:02.611+00:00
47ccfb6f-fb46-4594-9613-542932ebdd8b,"406-0119565-1003578",amazon,0,2026-05-24T14:43:04.228+00:00
5236ab6e-d589-4007-8b83-9e5b58c42e9b,"404-6766725-5793901",amazon,0,2026-05-24T14:43:02.613+00:00
4795bc17-5a25-469c-ba46-2f0e978790cb,"404-4792582-7513930",amazon,0,2026-05-24T14:43:03.411+00:00
15d196a2-5b29-4aab-ac51-b5dac15f0720,"403-6120159-5949156",amazon,0,2026-05-24T14:43:03.411+00:00
ee82734d-8e18-4c88-9a0a-02a98604c828,"405-5397222-6947550",amazon,0,2026-05-24T14:43:03.675+00:00
1b767869-86fc-4cfd-85f3-823c2e4982ef,"408-5663051-3086766",amazon,0,2026-05-24T14:43:03.68+00:00
c7341104-ad32-4c28-b732-77f55dd88f7d,"405-1097132-3438750",amazon,0,2026-05-24T14:43:04.226+00:00
d5546270-5f73-4930-b026-b19277f5dabe,"408-8012532-5185941",amazon,0,2026-05-24T14:43:04.229+00:00
4dd24e93-7594-4d0d-85ea-dfacd275d44f,"https://www.firstcry.com/get-it/get-it-100-cotton-breast-feeding-recron-pillow-removable-cover-with-zip-buckle-adjust-nursing-dark-green/11261922/product-detail",firstcry,0,2026-05-19T18:08:01.998468+00:00
f913cead-fc35-42ca-b4fc-0c7ad547f60e,"405-1267318-6421136",amazon,0,2026-05-24T14:42:38.151+00:00
1b93b1c4-09fc-410d-9f28-bc42013b3d0e,"406-4557044-9220300",amazon,0,2026-05-24T14:42:38.852+00:00
dbc69103-1dac-4e5f-b866-d0e237194b3c,"402-6675871-4099552",amazon,0,2026-05-24T14:43:03.41+00:00
072c5aa6-987b-48f6-8845-adaf2f0ee2cf,"403-7164971-3003563",amazon,0,2026-05-24T14:42:38.854+00:00
79075445-7e1b-4761-916a-4d421b39ef11,"408-4212333-1148308",amazon,0,2026-05-24T14:43:02.608+00:00
8f321bf3-a1b3-4694-ba3b-d8e6cb78597c,"405-2796785-0130727",amazon,0,2026-05-24T14:43:02.608+00:00
89cf3d93-bbe1-441e-ac6d-23ac8ee223b7,"403-7039903-5985167",amazon,0,2026-05-24T14:43:02.609+00:00
46df87dd-18e9-4784-9a9c-8b681c2bc37b,"171-9329864-6991554",amazon,0,2026-05-24T14:43:02.61+00:00
d99589b5-da22-4704-a8da-69a3c536313c,"405-9203379-6329969",amazon,0,2026-05-24T14:43:03.678+00:00
8ac7e057-933d-4b9e-871d-eacb4a984866,"408-7235523-8098702",amazon,0,2026-05-24T14:43:04.226+00:00
8647aae3-4831-4efc-9fcc-1b207f631c3d,"171-3915347-1046759",amazon,0,2026-05-24T14:43:04.23+00:00
e5183d67-22fd-401f-b49c-1577f16feee2,"407-5572864-5399533",amazon,0,2026-05-24T14:43:04.23+00:00
e251faa1-0255-423e-a8f2-6d4ea68ed32d,"408-9357763-2854709",amazon,0,2026-05-24T14:43:04.232+00:00
4f4e1d86-d92f-4b75-9b68-c4fa6524f21f,"408-7848189-6122736",amazon,0,2026-05-24T14:43:04.234+00:00
88a5a581-7a3b-41f3-9a13-f4c401d07ade,"405-2817778-1538708",amazon,0,2026-05-24T14:43:04.235+00:00
ac8646e5-d222-4967-a085-81f273812979,"https://www.firstcry.com/get-it/get-it-100-cotton-extra-large-breast-foam-feeding-pillow-removable-cover-with-zip-buckle-adjust-nursing-cryan-blue-with-beige/2001440/product-detail",firstcry,0,2026-05-19T18:08:01.998468+00:00
0a97dadb-bf46-4d10-a433-793e90b62398,"402-7742827-8077909",amazon,0,2026-05-24T14:42:38.148+00:00
47403a88-aec5-434f-be2f-ac71230907c9,"https://www.firstcry.com/get-it/get-it-memory-foam-head-shaping-pillow-red/2822768/product-detail",firstcry,0,2026-05-19T18:08:02.224247+00:00
1e4b0b35-98df-4975-b537-c0af776042a8,"https://www.firstcry.com/get-it/get-it-double-heart-shape-anti-roll-baby-side-pillow-blue/2822774/product-detail",firstcry,0,2026-05-19T18:08:02.224247+00:00
7c020b39-6729-4570-86dc-b46dd282f6f3,"404-5976835-0458727",amazon,0,2026-05-24T14:43:02.608+00:00
4108ab61-8b4a-4169-8f49-68ce93e6738e,"403-8899323-1698707",amazon,0,2026-05-24T14:43:02.609+00:00
9cddbb6d-f1d5-4f7a-aa29-dd61b4976b07,"408-7285408-0373947",amazon,0,2026-05-24T14:43:02.613+00:00
1e63bb26-c6c7-4f9d-a928-ee2fac41f5c9,"408-3919354-8143562",amazon,0,2026-05-24T14:43:03.676+00:00
c84b23e9-3ab1-4ee1-8653-61ac9ed75d91,"408-5518218-8941102",amazon,0,2026-05-24T14:43:03.675+00:00
6ad6ba29-d8f6-4223-a79f-813f5341a157,"171-7059465-6846763",amazon,0,2026-05-24T14:43:03.678+00:00
4e18bb57-fd7e-4fa1-9d6c-8fb84b3fc342,"406-4892643-3235535",amazon,0,2026-05-24T14:43:03.681+00:00
aefbdc32-91be-444f-9522-f3536fce8df5,"402-2553720-3872327",amazon,0,2026-05-24T14:43:04.226+00:00
e8d99637-9ff7-42f2-a22f-6cdfd3a83685,"408-5453725-1424340",amazon,0,2026-05-24T14:43:04.23+00:00
fffc7344-db01-41bf-8328-cb77ab15c404,"404-5864048-7492336",amazon,0,2026-05-24T14:43:04.234+00:00
88062d97-6a1d-4565-bb01-d39635eaaaa0,"408-4262268-0349108",amazon,0,2026-05-24T14:43:03.681+00:00
bf42411e-64a0-4aba-8fa2-e927338c0a6c,"408-0064512-5479541",amazon,0,2026-05-24T14:43:04.227+00:00
89752453-134e-4f11-b643-bff8d1e2d6ff,"408-1321267-0577104",amazon,0,2026-05-24T14:43:04.229+00:00
de741f12-f544-4c63-99f3-693c871e2473,"406-9018067-7282766",amazon,0,2026-05-24T14:43:04.23+00:00
2c79e429-3c1d-4871-8460-ca9c76fe437a,"406-1948948-7517907",amazon,0,2026-05-24T14:43:04.234+00:00
a6c47a5f-4a00-45b6-ae82-79f7f2cc5f77,"403-4419535-7670703",amazon,0,2026-05-24T14:43:04.233+00:00
88b2ba3e-d285-4a83-9bfe-331dc9edae03,"24209223ITE5B659B0",firstcry,0,2026-05-15T12:48:43.476923+00:00
89ae48f2-c48a-4fb3-b711-5ccfc4b4f70b,"405-4797741-0781131",amazon,0,2026-05-24T14:43:03.681+00:00
f1c0a1a2-af6b-47e4-9ea4-601eeac14975,"408-4522930-2729164",amazon,0,2026-05-24T14:43:04.226+00:00
be57de69-81f5-4843-845e-5b1d05c075f3,"402-4686002-9689900",amazon,0,2026-05-24T14:43:04.229+00:00
774864ef-270a-49fe-90e2-3ab9852bf087,"171-7004182-2336332",amazon,0,2026-05-24T14:43:04.229+00:00
0bf8c06e-b9fd-483a-8a39-74a9bf039613,"407-9326120-8512367",amazon,0,2026-05-24T14:43:04.227+00:00
6745ca75-d9b9-4ef5-9ee2-d8616d5740f1,"408-6212452-2879553",amazon,0,2026-05-24T14:43:04.229+00:00
72eb28c4-7a67-4bc8-9d68-0de34dcbd86f,"403-6922632-3037126",amazon,0,2026-05-24T14:43:04.234+00:00
cc2cc230-7648-48b1-94d8-c8214954f2ad,"11562453UTL3E88F9F",firstcry,0,2026-05-15T12:48:46.007841+00:00
55cb90bb-9f57-4852-834e-8aa519b3c239,"1052025M0994A4D",firstcry,0,2026-05-15T12:48:43.476923+00:00
39990313-3ca7-4b37-99e2-33945a2fe9c5,"10948747BOOA71E06B",firstcry,0,2026-05-15T12:48:43.545034+00:00
9abc631f-ef41-4f45-8460-2b30d4524540,"12869867YFX2E1317C",firstcry,0,2026-05-15T12:48:43.605545+00:00
2f0702b8-e1d6-4d35-b190-e5bdf0ef5d57,"21072410STV376EF94",firstcry,0,2026-05-15T12:48:43.665994+00:00
39c3eeee-2322-46b4-92a9-58eea73533b3,"11458366YCSF001266",firstcry,0,2026-05-15T12:48:44.309848+00:00
4b0026d8-9869-4a29-9e25-b02e135a52db,"38937372OKC7BD6960",firstcry,0,2026-05-15T12:48:44.562549+00:00
0b8ff3a4-5d9c-4f20-96be-727264fd6fe7,"40211336DUB2AB0FA2",firstcry,0,2026-05-15T12:48:45.171829+00:00
51b716ff-54bf-4a8f-85fb-905d554e8016,"41033036AWY2BF8D12",firstcry,0,2026-05-15T12:48:45.646024+00:00
0f5f582f-39d8-4610-850e-c8b8c8dacdf3,"40147184TBN5E659D8",firstcry,0,2026-05-15T12:48:45.714042+00:00